Seq_name,GFP_1_1,GFP_1_2,GFP_2_1,GFP_2_2,GFP_3_1,GFP_3_2,GFP_4_1,GFP_4_2,GFP_5_1,GFP_5_2,GFP_6_1,GFP_6_2,GFP_7_1,GFP_7_2,GFP_8_1,GFP_8_2
pep3,2141.0,248.0,191.0,990.0,73.0,1082.0,588.0,414.0,1078.0,151.0,578.0,381.0,1080.0,175.0,1.0,0.0
pep3,169.0,128.0,176.0,144.0,182.0,788.0,187.0,156.0,3.0,0.0,249.0,207.0,0.0,0.0,0.0,0.0
pep3,329.0,26.0,307.0,67.0,177.0,418.0,289.0,166.0,3.0,329.0,330.0,1.0,3482.0,446.0,0.0,0.0
pep3,1200.0,336.0,341.0,605.0,557.0,950.0,745.0,344.0,99.0,2.0,849.0,760.0,0.0,370.0,3.0,20.0
pep3,1509.0,236.0,706.0,788.0,303.0,1964.0,1327.0,1656.0,1030.0,1297.0,627.0,131.0,872.0,107.0,2.0,3.0
pep3Msn2_controlA,4255.0,1132.0,2204.0,1011.0,328.0,1182.0,6.0,456.0,1.0,1.0,1.0,1.0,0.0,1.0,4.0,0.0
pep3Msn2_controlB,1879.0,324.0,4287.0,2113.0,1088.0,1906.0,497.0,404.0,1519.0,1314.0,261.0,1.0,785.0,0.0,1.0,1.0
pep3_1cluster_ED_1,1332.0,270.0,195.0,556.0,363.0,265.0,14.0,381.0,140.0,88.0,470.0,1.0,1322.0,0.0,0.0,1.0
pep3_1cluster_ED_2,0.0,375.0,647.0,361.0,753.0,1252.0,355.0,1839.0,758.0,1887.0,2122.0,733.0,311.0,777.0,3.0,6489.0
pep3_1cluster_ED_3,1107.0,367.0,2746.0,1020.0,1191.0,3703.0,689.0,825.0,1173.0,1055.0,2.0,303.0,955.0,250.0,0.0,2143.0
pep3_1cluster_ED_4,1179.0,643.0,3172.0,517.0,859.0,2359.0,628.0,1218.0,1125.0,1611.0,1146.0,1064.0,1740.0,0.0,1.0,2.0
pep3_1cluster_ED_5,581.0,446.0,1997.0,221.0,235.0,572.0,1097.0,742.0,322.0,711.0,203.0,0.0,0.0,0.0,0.0,0.0
pep3_1cluster_FYW_1,1630.0,464.0,4579.0,1792.0,649.0,1128.0,947.0,823.0,993.0,928.0,775.0,87.0,86.0,1.0,3.0,6.0
pep3_1cluster_FYW_2,2598.0,1007.0,3347.0,605.0,445.0,2615.0,1467.0,1398.0,751.0,2317.0,1.0,7.0,2891.0,993.0,0.0,4.0
pep3_1cluster_FYW_3,2049.0,639.0,2000.0,334.0,613.0,1243.0,1208.0,860.0,1968.0,2271.0,374.0,805.0,159.0,0.0,3.0,2.0
pep3_1cluster_FYW_4,1994.0,1302.0,1805.0,1337.0,1119.0,2057.0,611.0,348.0,684.0,942.0,350.0,9.0,9.0,2.0,0.0,1.0
pep3_1cluster_FYW_5,188.0,190.0,782.0,901.0,1131.0,964.0,2035.0,3573.0,4015.0,4174.0,1631.0,219.0,437.0,2.0,2.0,2.0
pep3_1cluster_LIVM_1,315.0,46.0,439.0,77.0,310.0,42.0,0.0,71.0,1.0,90.0,0.0,0.0,0.0,0.0,0.0,0.0
pep3_1cluster_LIVM_2,897.0,266.0,862.0,428.0,126.0,583.0,176.0,29.0,83.0,0.0,0.0,0.0,159.0,0.0,0.0,0.0
pep3_1cluster_LIVM_3,819.0,398.0,657.0,909.0,135.0,386.0,110.0,897.0,152.0,177.0,1.0,1.0,3291.0,2.0,2.0,13714.0
pep3_1cluster_LIVM_4,1212.0,691.0,189.0,351.0,1.0,265.0,198.0,680.0,0.0,0.0,35.0,65.0,1.0,0.0,0.0,3.0
pep3_1cluster_LIVM_5,0.0,0.0,141.0,0.0,104.0,1234.0,932.0,372.0,400.0,1045.0,594.0,0.0,1814.0,0.0,22.0,2.0
pep3_1cluster_NQ_1,1355.0,446.0,6043.0,1109.0,484.0,3998.0,804.0,2224.0,957.0,1390.0,2137.0,417.0,2204.0,2233.0,796.0,0.0
pep3_1cluster_NQ_2,2820.0,718.0,3203.0,2101.0,2349.0,1104.0,1142.0,2029.0,1499.0,1522.0,2744.0,513.0,2316.0,3.0,1.0,1.0
pep3_1cluster_NQ_3,740.0,4.0,1157.0,1528.0,2108.0,2820.0,2345.0,5082.0,4463.0,2501.0,3072.0,2083.0,3694.0,1817.0,279.0,0.0
pep3_1cluster_NQ_4,1935.0,1400.0,6170.0,2178.0,2489.0,7336.0,2478.0,5243.0,4180.0,3524.0,941.0,1242.0,464.0,1110.0,0.0,5.0
pep3_1cluster_NQ_5,1150.0,422.0,1967.0,766.0,1490.0,2756.0,2476.0,2528.0,3823.0,4111.0,6683.0,1511.0,3270.0,1586.0,2.0,6582.0
pep3_1cluster_ST_1,1203.0,1849.0,2597.0,1827.0,1648.0,3591.0,803.0,1879.0,545.0,1076.0,726.0,45.0,0.0,0.0,15.0,1.0
pep3_1cluster_ST_2,892.0,431.0,252.0,333.0,58.0,1383.0,923.0,2771.0,1953.0,2199.0,170.0,394.0,379.0,2739.0,664.0,269.0
pep3_1cluster_ST_3,1551.0,1367.0,3230.0,2341.0,553.0,3170.0,1079.0,2423.0,1381.0,1471.0,243.0,10.0,1167.0,2.0,0.0,760.0
pep3_1cluster_ST_4,7849.0,1482.0,4759.0,434.0,528.0,940.0,613.0,1619.0,549.0,351.0,262.0,0.0,0.0,30.0,0.0,2.0
pep3_1cluster_ST_5,545.0,269.0,897.0,1113.0,114.0,1338.0,695.0,908.0,330.0,351.0,458.0,0.0,176.0,2502.0,192.0,0.0
pep3_1cluster_S_1,3212.0,625.0,3328.0,3648.0,1092.0,2813.0,1931.0,1269.0,3049.0,2565.0,981.0,204.0,3267.0,2.0,1.0,1297.0
pep3_1cluster_S_2,2473.0,1797.0,3801.0,1433.0,200.0,1179.0,301.0,670.0,2.0,526.0,1.0,0.0,1050.0,200.0,0.0,0.0
pep3_1cluster_S_3,3357.0,648.0,6192.0,1628.0,1432.0,1541.0,2142.0,1211.0,3246.0,2474.0,766.0,540.0,279.0,0.0,0.0,2.0
pep3_1cluster_S_4,4395.0,811.0,5677.0,1744.0,742.0,1570.0,659.0,1544.0,965.0,1327.0,1202.0,461.0,0.0,2.0,0.0,1.0
pep3_1cluster_S_5,1831.0,773.0,4783.0,1595.0,600.0,1090.0,54.0,1940.0,3.0,482.0,0.0,385.0,0.0,3.0,2.0,3.0
pep3_2cluster_ED_1,2684.0,418.0,1029.0,148.0,101.0,1578.0,864.0,712.0,113.0,229.0,0.0,0.0,1.0,1.0,1.0,1.0
pep3_2cluster_ED_2,2127.0,904.0,4492.0,2083.0,1529.0,1694.0,889.0,908.0,2531.0,2470.0,1600.0,768.0,1.0,0.0,0.0,6.0
pep3_2cluster_ED_3,802.0,7.0,3366.0,874.0,1083.0,1152.0,971.0,850.0,1570.0,1460.0,278.0,4.0,2.0,0.0,0.0,2.0
pep3_2cluster_ED_4,1662.0,545.0,1241.0,1106.0,694.0,325.0,269.0,946.0,523.0,273.0,193.0,462.0,0.0,1536.0,0.0,0.0
pep3_2cluster_ED_5,216.0,116.0,2738.0,1684.0,1253.0,1353.0,1106.0,2408.0,3010.0,2089.0,2631.0,375.0,2621.0,825.0,6834.0,248.0
pep3_2cluster_FYW_1,3748.0,365.0,5652.0,1266.0,1492.0,2716.0,1904.0,1278.0,1410.0,1426.0,745.0,595.0,2.0,0.0,1.0,3.0
pep3_2cluster_FYW_2,1098.0,459.0,2788.0,476.0,451.0,1676.0,1198.0,1335.0,699.0,2177.0,1056.0,56.0,2.0,1.0,1.0,0.0
pep3_2cluster_FYW_3,580.0,471.0,1943.0,487.0,535.0,1290.0,926.0,614.0,757.0,1509.0,0.0,351.0,0.0,3.0,1.0,6433.0
pep3_2cluster_FYW_4,1214.0,169.0,3754.0,251.0,1276.0,3481.0,878.0,1912.0,2319.0,2206.0,725.0,773.0,1592.0,1.0,9758.0,5.0
pep3_2cluster_FYW_5,943.0,597.0,2531.0,2370.0,693.0,3975.0,707.0,1035.0,1890.0,1220.0,0.0,809.0,1246.0,1.0,13.0,1.0
pep3_2cluster_LIVM_1,1468.0,153.0,995.0,460.0,405.0,688.0,216.0,343.0,1.0,47.0,226.0,151.0,0.0,0.0,0.0,0.0
pep3_2cluster_LIVM_2,30.0,220.0,232.0,552.0,350.0,381.0,259.0,392.0,10.0,237.0,0.0,166.0,0.0,0.0,0.0,2.0
pep3_2cluster_LIVM_3,117.0,3.0,361.0,66.0,616.0,1566.0,391.0,744.0,1172.0,2721.0,1896.0,2412.0,8139.0,5429.0,4436.0,5467.0
pep3_2cluster_LIVM_4,1802.0,510.0,1569.0,217.0,262.0,1450.0,143.0,785.0,199.0,78.0,394.0,0.0,752.0,1.0,62.0,1.0
pep3_2cluster_LIVM_5,1598.0,635.0,624.0,389.0,169.0,271.0,378.0,86.0,287.0,0.0,443.0,1.0,3076.0,1563.0,1.0,13.0
pep3_2cluster_NQ_1,3454.0,1012.0,2868.0,1002.0,555.0,2701.0,538.0,2025.0,2553.0,1863.0,454.0,227.0,0.0,0.0,2927.0,1.0
pep3_2cluster_NQ_2,1055.0,9.0,3260.0,791.0,584.0,1137.0,88.0,1941.0,460.0,976.0,1037.0,293.0,1.0,145.0,1.0,0.0
pep3_2cluster_NQ_3,3755.0,1562.0,1423.0,1697.0,784.0,2142.0,1036.0,795.0,1581.0,420.0,0.0,1.0,4.0,0.0,1.0,2.0
pep3_2cluster_NQ_4,3682.0,583.0,3731.0,2185.0,539.0,3368.0,937.0,2497.0,2969.0,1631.0,1113.0,633.0,2.0,993.0,1.0,7.0
pep3_2cluster_NQ_5,2274.0,570.0,741.0,453.0,310.0,741.0,553.0,51.0,177.0,835.0,1776.0,77.0,517.0,0.0,0.0,0.0
pep3_2cluster_ST_1,1405.0,187.0,2590.0,711.0,613.0,5947.0,2420.0,781.0,2778.0,5169.0,7420.0,1954.0,1476.0,2444.0,10.0,14.0
pep3_2cluster_ST_2,1296.0,471.0,4542.0,1857.0,1591.0,3809.0,2432.0,1911.0,2961.0,4100.0,4931.0,3583.0,3328.0,877.0,3.0,11093.0
pep3_2cluster_ST_3,19.0,230.0,278.0,64.0,126.0,1444.0,1517.0,1136.0,748.0,2203.0,3993.0,258.0,1272.0,3566.0,319.0,8937.0
pep3_2cluster_ST_4,1137.0,329.0,5030.0,1241.0,775.0,2926.0,763.0,2329.0,2534.0,2124.0,1640.0,777.0,0.0,1.0,0.0,1.0
pep3_2cluster_ST_5,1166.0,548.0,2092.0,981.0,1435.0,4382.0,628.0,1239.0,1810.0,1237.0,1990.0,2378.0,2178.0,4211.0,2376.0,3632.0
pep3_2cluster_S_1,4554.0,1472.0,2597.0,1154.0,510.0,2137.0,667.0,581.0,1.0,715.0,0.0,193.0,4.0,199.0,5.0,197.0
pep3_2cluster_S_2,3558.0,2.0,1125.0,1262.0,1759.0,2918.0,874.0,1912.0,2318.0,1462.0,4913.0,994.0,0.0,1.0,0.0,3.0
pep3_2cluster_S_3,1924.0,1056.0,3926.0,1163.0,345.0,1481.0,208.0,697.0,153.0,1054.0,1503.0,430.0,3.0,0.0,5220.0,2.0
pep3_2cluster_S_4,1913.0,909.0,1877.0,2965.0,671.0,914.0,996.0,655.0,340.0,97.0,893.0,108.0,0.0,529.0,6.0,0.0
pep3_2cluster_S_5,2499.0,940.0,5503.0,1613.0,850.0,4530.0,1182.0,1302.0,995.0,1159.0,400.0,346.0,1.0,1.0,7.0,261.0
pep3_3cluster_ED_1,310.0,391.0,1390.0,755.0,353.0,916.0,503.0,1122.0,634.0,863.0,0.0,749.0,0.0,0.0,0.0,1.0
pep3_3cluster_ED_2,133.0,169.0,3751.0,879.0,453.0,3776.0,1163.0,2837.0,3147.0,2636.0,2645.0,1487.0,4648.0,1144.0,1.0,2.0
pep3_3cluster_ED_3,644.0,223.0,1073.0,1089.0,385.0,347.0,20.0,340.0,1083.0,463.0,13.0,0.0,0.0,838.0,0.0,0.0
pep3_3cluster_ED_4,658.0,152.0,1044.0,264.0,389.0,898.0,667.0,849.0,2642.0,1221.0,1.0,1.0,1741.0,197.0,0.0,1.0
pep3_3cluster_ED_5,1010.0,388.0,3484.0,623.0,631.0,1762.0,1812.0,1332.0,4114.0,2270.0,2057.0,1171.0,0.0,1.0,2.0,1.0
pep3_3cluster_LIVM_1,155.0,93.0,338.0,11.0,0.0,223.0,0.0,223.0,0.0,0.0,0.0,0.0,0.0,0.0,0.0,0.0
pep3_3cluster_LIVM_2,366.0,199.0,1246.0,70.0,0.0,286.0,0.0,198.0,11.0,0.0,102.0,76.0,0.0,0.0,0.0,0.0
pep3_3cluster_LIVM_3,3.0,31.0,143.0,81.0,74.0,26.0,910.0,136.0,3345.0,2721.0,10709.0,3406.0,24353.0,11859.0,28963.0,33170.0
pep3_3cluster_LIVM_4,175.0,537.0,1165.0,839.0,44.0,415.0,288.0,159.0,489.0,472.0,0.0,443.0,0.0,0.0,1.0,3.0
pep3_3cluster_LIVM_5,355.0,123.0,206.0,165.0,82.0,86.0,151.0,27.0,812.0,1672.0,3.0,189.0,2.0,8654.0,0.0,0.0
pep3_3cluster_NQ_1,58.0,819.0,765.0,822.0,351.0,3507.0,1186.0,1938.0,2331.0,357.0,1184.0,536.0,1028.0,1596.0,0.0,3.0
pep3_3cluster_NQ_2,1310.0,247.0,3102.0,883.0,1263.0,3244.0,2041.0,2795.0,1969.0,2230.0,2640.0,912.0,1197.0,823.0,0.0,66.0
pep3_3cluster_NQ_3,773.0,409.0,1765.0,1653.0,510.0,551.0,639.0,1837.0,1.0,1553.0,906.0,26.0,3.0,786.0,0.0,1.0
pep3_3cluster_NQ_4,561.0,943.0,5627.0,1651.0,1182.0,3085.0,1536.0,1556.0,1497.0,2107.0,1663.0,234.0,1.0,2397.0,1.0,21.0
pep3_3cluster_NQ_5,1607.0,1485.0,2987.0,793.0,653.0,924.0,319.0,877.0,18.0,105.0,351.0,656.0,2.0,1.0,0.0,5.0
pep3_3cluster_ST_1,146.0,306.0,3230.0,781.0,578.0,1126.0,796.0,1707.0,3031.0,2297.0,2538.0,1776.0,12558.0,5360.0,14948.0,8412.0
pep3_3cluster_ST_2,5.0,371.0,1127.0,974.0,414.0,2312.0,542.0,1694.0,196.0,1422.0,2085.0,865.0,2573.0,479.0,1.0,4.0
pep3_3cluster_ST_3,542.0,25.0,1997.0,244.0,127.0,570.0,1113.0,3351.0,3549.0,2220.0,4293.0,1096.0,8247.0,8176.0,12635.0,5.0
pep3_3cluster_ST_4,1463.0,50.0,2943.0,1402.0,724.0,2507.0,813.0,5200.0,2115.0,3768.0,1872.0,455.0,732.0,1745.0,0.0,1.0
pep3_3cluster_ST_5,11.0,778.0,2147.0,1045.0,579.0,2939.0,2258.0,537.0,2807.0,2566.0,3716.0,1350.0,1010.0,6818.0,17.0,15.0
pep3_3cluster_S_1,5417.0,1764.0,2349.0,603.0,34.0,141.0,456.0,443.0,23.0,275.0,0.0,369.0,0.0,463.0,0.0,321.0
pep3_3cluster_S_2,3378.0,1071.0,5182.0,3336.0,981.0,3042.0,1467.0,1618.0,849.0,1153.0,523.0,446.0,1.0,1.0,1.0,2.0
pep3_3cluster_S_3,3893.0,994.0,7475.0,2723.0,2063.0,5733.0,1228.0,2393.0,1703.0,340.0,1398.0,150.0,2.0,2.0,0.0,2.0
pep3_3cluster_S_4,2157.0,1555.0,3350.0,2000.0,848.0,1248.0,73.0,319.0,190.0,194.0,1.0,33.0,2164.0,0.0,0.0,1.0
pep3_3cluster_S_5,4646.0,1453.0,5372.0,4657.0,708.0,4350.0,789.0,2404.0,1248.0,1941.0,136.0,664.0,1.0,1.0,0.0,3.0
pep3_4cluster_LIVM_1,657.0,278.0,569.0,320.0,0.0,300.0,800.0,207.0,0.0,58.0,51.0,0.0,1.0,1.0,1.0,1.0
pep3_4cluster_LIVM_2,760.0,373.0,1781.0,893.0,226.0,652.0,327.0,897.0,1087.0,856.0,1602.0,1583.0,1563.0,2063.0,3.0,0.0
pep3_4cluster_LIVM_3,2.0,88.0,1568.0,744.0,2.0,242.0,141.0,19.0,578.0,2.0,140.0,2.0,0.0,0.0,1678.0,3163.0
pep3_4cluster_LIVM_4,825.0,40.0,424.0,967.0,69.0,166.0,672.0,1561.0,2513.0,537.0,1767.0,445.0,3902.0,939.0,1743.0,3.0
pep3_4cluster_LIVM_5,259.0,165.0,397.0,261.0,0.0,950.0,1.0,403.0,94.0,0.0,0.0,325.0,165.0,0.0,0.0,0.0
pep3_4cluster_NQ_1,1055.0,540.0,2329.0,1281.0,415.0,702.0,652.0,816.0,645.0,1159.0,1.0,904.0,820.0,0.0,2.0,1.0
pep3_4cluster_NQ_2,5108.0,1708.0,3507.0,1716.0,572.0,1342.0,575.0,901.0,232.0,530.0,1305.0,50.0,1.0,0.0,1.0,3861.0
pep3_4cluster_NQ_3,2882.0,1915.0,2618.0,2444.0,1741.0,3153.0,627.0,1590.0,663.0,1466.0,37.0,2.0,0.0,0.0,1.0,1.0
pep3_4cluster_NQ_4,2769.0,1187.0,1707.0,3765.0,306.0,1128.0,523.0,187.0,13.0,192.0,0.0,0.0,2.0,0.0,1.0,4.0
pep3_4cluster_NQ_5,2351.0,378.0,2285.0,866.0,184.0,591.0,534.0,707.0,24.0,209.0,27.0,80.0,405.0,0.0,0.0,0.0
pep3_4cluster_ST_1,199.0,41.0,502.0,9.0,125.0,188.0,813.0,831.0,2010.0,2690.0,2515.0,1844.0,2775.0,2620.0,1.0,541.0
pep3_4cluster_ST_2,120.0,220.0,2517.0,2259.0,346.0,2770.0,1356.0,1932.0,2044.0,2221.0,3916.0,818.0,4416.0,94.0,3597.0,14179.0
pep3_4cluster_ST_3,605.0,393.0,1362.0,2599.0,785.0,3033.0,842.0,1546.0,1612.0,3006.0,786.0,572.0,2.0,115.0,5.0,11547.0
pep3_4cluster_ST_4,406.0,4.0,386.0,1351.0,319.0,846.0,412.0,3147.0,2418.0,647.0,4784.0,1340.0,116.0,6488.0,6234.0,6732.0
pep3_4cluster_ST_5,159.0,203.0,509.0,1847.0,533.0,2152.0,75.0,609.0,1681.0,716.0,2702.0,866.0,0.0,730.0,0.0,1893.0
pep3_4cluster_S_1,2692.0,1938.0,2388.0,2522.0,982.0,3827.0,875.0,564.0,0.0,555.0,193.0,1.0,1.0,0.0,1.0,1.0
pep3_4cluster_S_2,4697.0,2280.0,4496.0,3474.0,999.0,2006.0,1859.0,3553.0,989.0,1769.0,1407.0,502.0,0.0,2.0,1.0,1.0
pep3_4cluster_S_3,1996.0,1039.0,2572.0,2454.0,649.0,2210.0,707.0,1436.0,580.0,192.0,459.0,172.0,1.0,1.0,1.0,2.0
pep3_4cluster_S_4,3090.0,820.0,3295.0,2466.0,636.0,4250.0,729.0,2281.0,1172.0,392.0,167.0,393.0,6.0,0.0,0.0,3.0
pep3_4cluster_S_5,2600.0,348.0,3481.0,1117.0,1028.0,2298.0,812.0,1865.0,1687.0,1990.0,241.0,671.0,2.0,660.0,0.0,2.0
pep3_GSY1_1,3123.0,585.0,1255.0,745.0,154.0,0.0,0.0,124.0,0.0,336.0,0.0,869.0,0.0,1571.0,2.0,0.0
pep3_GSY1_181,478.0,605.0,929.0,579.0,459.0,845.0,727.0,558.0,797.0,279.0,240.0,1.0,0.0,2.0,1.0,2.0
pep3_GSY1_271,3.0,352.0,362.0,2.0,3.0,1836.0,454.0,718.0,1987.0,3482.0,17495.0,3430.0,18336.0,14574.0,31170.0,12551.0
pep3_GSY1_361,2352.0,354.0,1188.0,1882.0,1.0,0.0,12.0,923.0,167.0,502.0,0.0,0.0,1249.0,1.0,1.0,0.0
pep3_GSY1_451,517.0,242.0,1072.0,1591.0,903.0,1521.0,1896.0,1444.0,10216.0,8000.0,18392.0,6568.0,15600.0,10549.0,22.0,11.0
pep3_GSY1_541,451.0,85.0,541.0,277.0,362.0,1149.0,10.0,840.0,1184.0,633.0,258.0,8.0,0.0,1.0,142.0,5.0
pep3_GSY1_91,105.0,259.0,29.0,67.0,142.0,125.0,62.0,662.0,317.0,432.0,1284.0,1829.0,24558.0,5027.0,80066.0,50661.0
pep3_HXK1_1,648.0,150.0,3152.0,1910.0,730.0,2283.0,854.0,2182.0,1984.0,4588.0,2408.0,1717.0,1998.0,7.0,3054.0,6.0
pep3_HXK1_181,269.0,88.0,136.0,1674.0,475.0,1553.0,1236.0,4313.0,2833.0,6076.0,7980.0,4797.0,4945.0,15539.0,7388.0,13815.0
pep3_HXK1_271,743.0,644.0,2039.0,1956.0,1108.0,1443.0,2349.0,3331.0,4054.0,5189.0,2757.0,2863.0,4.0,3.0,4.0,90.0
pep3_HXK1_361,3213.0,199.0,3053.0,2644.0,2315.0,4354.0,2592.0,4484.0,4376.0,1532.0,50.0,449.0,0.0,805.0,3.0,8923.0
pep3_HXK1_91,607.0,81.0,1147.0,1040.0,348.0,1901.0,699.0,2100.0,6337.0,6820.0,18668.0,8976.0,18751.0,17609.0,3025.0,8417.0
pep3_TDH3_1,969.0,50.0,3163.0,3387.0,1413.0,6201.0,3317.0,4855.0,10349.0,5062.0,12878.0,5537.0,1761.0,6977.0,4979.0,13.0
pep3_TDH3_181,11177.0,3485.0,10950.0,6161.0,3158.0,6243.0,2149.0,2306.0,1807.0,1687.0,2.0,196.0,1.0,1.0,40.0,1.0
pep3_TDH3_91,107.0,136.0,3641.0,1625.0,1119.0,2863.0,1346.0,2170.0,2689.0,4310.0,4437.0,2221.0,3085.0,1448.0,1.0,26.0
pep3_random10_ED,323.0,12.0,74.0,136.0,0.0,209.0,80.0,381.0,26.0,1022.0,129.0,120.0,0.0,0.0,0.0,1.0
pep3_random10_FYW,106.0,225.0,1117.0,0.0,165.0,365.0,131.0,530.0,0.0,1.0,0.0,133.0,0.0,0.0,0.0,0.0
pep3_random10_GP,473.0,462.0,1387.0,1704.0,765.0,1251.0,543.0,750.0,1561.0,950.0,1806.0,104.0,2.0,1109.0,1.0,4.0
pep3_random10_KR,946.0,2.0,236.0,127.0,94.0,0.0,3.0,254.0,446.0,0.0,121.0,138.0,0.0,0.0,1.0,0.0
pep3_random10_LIVM,681.0,175.0,717.0,573.0,334.0,551.0,667.0,215.0,743.0,949.0,3.0,52.0,779.0,1663.0,305.0,7054.0
pep3_random10_NQ,0.0,106.0,3254.0,877.0,453.0,1864.0,430.0,1061.0,869.0,1231.0,476.0,114.0,0.0,1.0,0.0,1.0
pep3_random10_S,73.0,67.0,148.0,1276.0,560.0,1978.0,160.0,424.0,135.0,8.0,93.0,192.0,407.0,0.0,0.0,0.0
pep3_random10_ST,817.0,340.0,1554.0,1355.0,566.0,386.0,116.0,461.0,120.0,90.0,0.0,1.0,18.0,0.0,173.0,0.0
pep3_random1_ED,203.0,104.0,125.0,517.0,270.0,394.0,438.0,363.0,17.0,1.0,1735.0,182.0,608.0,650.0,0.0,0.0
pep3_random1_FYW,922.0,124.0,717.0,678.0,70.0,164.0,0.0,312.0,136.0,157.0,124.0,0.0,1.0,0.0,0.0,0.0
pep3_random1_GP,1313.0,216.0,1541.0,943.0,295.0,904.0,452.0,680.0,919.0,1524.0,1.0,927.0,0.0,2.0,3.0,1.0
pep3_random1_KR,333.0,219.0,135.0,1049.0,203.0,267.0,654.0,603.0,1073.0,241.0,552.0,471.0,420.0,684.0,0.0,0.0
pep3_random1_LIVM,862.0,57.0,309.0,0.0,0.0,122.0,0.0,385.0,4.0,61.0,3.0,0.0,0.0,0.0,0.0,1.0
pep3_random1_NQ,62.0,17.0,688.0,1098.0,68.0,1026.0,318.0,2036.0,1067.0,394.0,869.0,125.0,1.0,0.0,2.0,346.0
pep3_random1_S,180.0,281.0,446.0,182.0,415.0,1486.0,612.0,570.0,740.0,396.0,50.0,74.0,126.0,0.0,0.0,0.0
pep3_random1_ST,366.0,304.0,2228.0,429.0,176.0,1262.0,704.0,790.0,1804.0,1774.0,2456.0,388.0,0.0,0.0,1.0,2.0
pep3_random2_ED,259.0,116.0,1142.0,189.0,257.0,345.0,297.0,69.0,508.0,113.0,508.0,132.0,0.0,4050.0,0.0,0.0
pep3_random2_FYW,532.0,48.0,1.0,742.0,52.0,175.0,127.0,41.0,109.0,444.0,487.0,86.0,0.0,0.0,0.0,0.0
pep3_random2_GP,284.0,264.0,679.0,9.0,126.0,1467.0,449.0,31.0,298.0,1409.0,590.0,0.0,141.0,1.0,0.0,0.0
pep3_random2_KR,412.0,62.0,282.0,0.0,79.0,1597.0,749.0,1101.0,87.0,203.0,0.0,41.0,1.0,2446.0,0.0,1.0
pep3_random2_LIVM,93.0,202.0,413.0,1.0,0.0,0.0,0.0,35.0,0.0,0.0,0.0,0.0,0.0,0.0,0.0,0.0
pep3_random2_NQ,1037.0,370.0,775.0,394.0,157.0,902.0,0.0,335.0,1.0,43.0,1.0,16.0,1345.0,345.0,0.0,0.0
pep3_random2_S,615.0,466.0,721.0,777.0,218.0,224.0,582.0,302.0,1549.0,401.0,451.0,285.0,2.0,0.0,0.0,0.0
pep3_random2_ST,1705.0,227.0,2548.0,583.0,698.0,410.0,0.0,1132.0,1542.0,190.0,44.0,53.0,12.0,354.0,0.0,0.0
pep3_random3_ED,727.0,282.0,1785.0,722.0,92.0,751.0,344.0,115.0,3.0,916.0,2583.0,0.0,1212.0,0.0,0.0,33.0
pep3_random3_FYW,297.0,212.0,643.0,142.0,99.0,67.0,1.0,125.0,296.0,31.0,641.0,0.0,0.0,0.0,1.0,0.0
pep3_random3_GP,567.0,311.0,1563.0,1068.0,184.0,2074.0,507.0,1316.0,1973.0,1625.0,975.0,329.0,1459.0,0.0,0.0,5.0
pep3_random3_KR,1614.0,255.0,678.0,65.0,658.0,557.0,2.0,488.0,729.0,17.0,2.0,14.0,1.0,1.0,2.0,0.0
pep3_random3_LIVM,1.0,7.0,1.0,47.0,27.0,255.0,19.0,270.0,12.0,100.0,0.0,25.0,1.0,0.0,0.0,0.0
pep3_random3_NQ,48.0,314.0,1112.0,577.0,124.0,792.0,286.0,275.0,0.0,544.0,297.0,652.0,0.0,0.0,350.0,2.0
pep3_random3_S,352.0,485.0,2025.0,2038.0,285.0,783.0,362.0,115.0,539.0,805.0,1533.0,181.0,159.0,621.0,1.0,2.0
pep3_random3_ST,278.0,120.0,896.0,346.0,0.0,159.0,122.0,181.0,106.0,0.0,180.0,0.0,0.0,0.0,0.0,1.0
pep3_random4_ED,97.0,35.0,0.0,0.0,99.0,62.0,0.0,217.0,329.0,0.0,0.0,0.0,0.0,148.0,0.0,0.0
pep3_random4_FYW,637.0,392.0,742.0,141.0,81.0,185.0,0.0,173.0,926.0,159.0,1.0,33.0,0.0,2898.0,2.0,3.0
pep3_random4_GP,0.0,133.0,40.0,153.0,802.0,426.0,580.0,289.0,1039.0,515.0,592.0,216.0,2.0,0.0,0.0,1.0
pep3_random4_KR,294.0,817.0,1083.0,184.0,0.0,1.0,373.0,621.0,893.0,0.0,742.0,19.0,0.0,185.0,3.0,2291.0
pep3_random4_LIVM,912.0,321.0,1054.0,1551.0,544.0,1028.0,313.0,1912.0,1351.0,1271.0,483.0,107.0,1.0,0.0,3.0,0.0
pep3_random4_NQ,806.0,1012.0,1863.0,848.0,621.0,7.0,378.0,355.0,509.0,597.0,0.0,0.0,267.0,785.0,1.0,1.0
pep3_random4_S,362.0,181.0,1517.0,506.0,173.0,425.0,108.0,974.0,0.0,849.0,1384.0,30.0,1190.0,0.0,0.0,1.0
pep3_random4_ST,252.0,18.0,488.0,114.0,278.0,1845.0,465.0,330.0,1795.0,50.0,514.0,278.0,1081.0,0.0,1.0,2.0
pep3_random5_ED,921.0,390.0,365.0,224.0,23.0,180.0,182.0,154.0,985.0,884.0,0.0,0.0,1.0,0.0,0.0,2.0
pep3_random5_FYW,292.0,37.0,160.0,0.0,0.0,0.0,0.0,468.0,144.0,1080.0,0.0,0.0,0.0,0.0,1.0,0.0
pep3_random5_GP,453.0,597.0,503.0,560.0,166.0,1413.0,361.0,1002.0,389.0,1947.0,245.0,622.0,820.0,42.0,3.0,0.0
pep3_random5_KR,224.0,360.0,233.0,148.0,136.0,212.0,115.0,631.0,328.0,0.0,1.0,1395.0,184.0,0.0,0.0,2.0
pep3_random5_LIVM,129.0,0.0,93.0,0.0,0.0,154.0,0.0,131.0,70.0,0.0,277.0,0.0,116.0,2.0,0.0,0.0
pep3_random5_NQ,771.0,170.0,575.0,216.0,1040.0,698.0,114.0,285.0,3126.0,126.0,1184.0,452.0,4.0,0.0,1.0,3.0
pep3_random5_S,822.0,512.0,2082.0,307.0,935.0,821.0,595.0,1937.0,303.0,409.0,1446.0,297.0,255.0,0.0,3.0,1.0
pep3_random5_ST,772.0,601.0,352.0,267.0,68.0,311.0,211.0,149.0,625.0,258.0,452.0,429.0,618.0,606.0,0.0,1.0
pep3_random6_ED,207.0,0.0,2533.0,176.0,143.0,0.0,147.0,184.0,1.0,626.0,1695.0,0.0,1436.0,93.0,0.0,0.0
pep3_random6_FYW,64.0,0.0,150.0,54.0,0.0,91.0,161.0,134.0,0.0,0.0,0.0,0.0,0.0,198.0,0.0,0.0
pep3_random6_GP,404.0,329.0,2571.0,1243.0,50.0,1412.0,610.0,576.0,706.0,250.0,390.0,1.0,648.0,2.0,1.0,1.0
pep3_random6_KR,146.0,44.0,2044.0,306.0,659.0,599.0,730.0,666.0,1184.0,730.0,3072.0,407.0,2.0,1.0,1.0,0.0
pep3_random6_LIVM,66.0,0.0,0.0,73.0,66.0,95.0,429.0,80.0,0.0,168.0,419.0,0.0,39.0,0.0,0.0,1.0
pep3_random6_NQ,666.0,922.0,2320.0,916.0,1158.0,1998.0,1154.0,1803.0,463.0,1925.0,113.0,335.0,827.0,3.0,1.0,1.0
pep3_random6_S,1336.0,937.0,2192.0,131.0,424.0,1596.0,1285.0,565.0,521.0,1108.0,0.0,56.0,638.0,605.0,6.0,0.0
pep3_random6_ST,1208.0,390.0,3157.0,1233.0,1763.0,3241.0,1658.0,2488.0,1190.0,2369.0,1236.0,81.0,85.0,0.0,1.0,6.0
pep3_random7_ED,208.0,30.0,38.0,311.0,0.0,69.0,0.0,36.0,0.0,0.0,1.0,0.0,241.0,11.0,1313.0,0.0
pep3_random7_FYW,56.0,53.0,6.0,312.0,119.0,546.0,39.0,161.0,33.0,16.0,1.0,0.0,0.0,0.0,0.0,0.0
pep3_random7_GP,863.0,167.0,1133.0,153.0,538.0,848.0,780.0,1111.0,474.0,484.0,1093.0,235.0,3.0,1.0,2.0,2.0
pep3_random7_KR,729.0,271.0,1078.0,1.0,742.0,1130.0,743.0,2223.0,776.0,3535.0,931.0,305.0,303.0,2.0,900.0,1.0
pep3_random7_LIVM,737.0,325.0,994.0,109.0,96.0,384.0,0.0,26.0,1.0,317.0,0.0,0.0,0.0,0.0,6.0,0.0
pep3_random7_NQ,835.0,119.0,1817.0,324.0,802.0,565.0,973.0,478.0,2.0,1336.0,581.0,141.0,0.0,336.0,0.0,0.0
pep3_random7_S,643.0,428.0,474.0,135.0,0.0,585.0,398.0,324.0,264.0,123.0,1065.0,149.0,185.0,0.0,1.0,2.0
pep3_random7_ST,1063.0,279.0,502.0,91.0,422.0,296.0,272.0,41.0,378.0,244.0,366.0,0.0,146.0,0.0,2.0,1.0
pep3_random8_ED,0.0,102.0,102.0,651.0,0.0,318.0,93.0,375.0,303.0,33.0,0.0,94.0,0.0,0.0,1.0,1105.0
pep3_random8_FYW,1069.0,418.0,295.0,36.0,69.0,2.0,58.0,262.0,749.0,961.0,858.0,0.0,1.0,0.0,1.0,902.0
pep3_random8_GP,514.0,148.0,1274.0,1020.0,168.0,444.0,184.0,156.0,285.0,1290.0,866.0,274.0,104.0,0.0,3.0,1.0
pep3_random8_KR,1318.0,256.0,264.0,31.0,0.0,68.0,245.0,2198.0,206.0,1277.0,482.0,348.0,115.0,2.0,2.0,0.0
pep3_random8_LIVM,1825.0,105.0,981.0,407.0,555.0,1848.0,504.0,644.0,56.0,904.0,163.0,81.0,1.0,50.0,0.0,0.0
pep3_random8_NQ,124.0,118.0,357.0,127.0,1020.0,3429.0,728.0,1045.0,1576.0,110.0,95.0,98.0,1071.0,553.0,0.0,1.0
pep3_random8_S,0.0,21.0,1.0,1090.0,264.0,273.0,304.0,1387.0,470.0,528.0,350.0,322.0,797.0,72.0,4.0,0.0
pep3_random8_ST,733.0,286.0,415.0,209.0,354.0,91.0,0.0,667.0,2.0,5.0,0.0,64.0,0.0,0.0,0.0,0.0
pep3_random9_ED,545.0,20.0,160.0,335.0,0.0,68.0,0.0,35.0,74.0,11.0,402.0,0.0,0.0,221.0,1.0,0.0
pep3_random9_FYW,1061.0,238.0,4.0,143.0,0.0,11.0,903.0,279.0,695.0,968.0,39.0,0.0,0.0,1.0,0.0,0.0
pep3_random9_GP,675.0,60.0,929.0,313.0,780.0,471.0,324.0,1296.0,969.0,384.0,399.0,0.0,1741.0,975.0,1.0,0.0
pep3_random9_KR,478.0,111.0,878.0,384.0,65.0,2536.0,528.0,364.0,1980.0,1390.0,1013.0,769.0,66.0,0.0,1.0,2.0
pep3_random9_LIVM,326.0,105.0,636.0,669.0,261.0,199.0,317.0,727.0,1.0,161.0,173.0,0.0,687.0,0.0,0.0,3.0
pep3_random9_NQ,428.0,1078.0,2238.0,1467.0,462.0,1926.0,1151.0,769.0,1706.0,1075.0,228.0,0.0,2.0,6.0,14.0,0.0
pep3_random9_S,0.0,71.0,1413.0,373.0,564.0,681.0,773.0,110.0,489.0,264.0,277.0,499.0,809.0,450.0,2.0,3.0
pep3_random9_ST,2170.0,598.0,1251.0,357.0,531.0,938.0,142.0,335.0,250.0,180.0,1224.0,145.0,1.0,241.0,6.0,1.0
pep3_scramble_s10_1,65.0,123.0,523.0,10.0,0.0,204.0,0.0,57.0,178.0,64.0,0.0,0.0,0.0,0.0,0.0,0.0
pep3_scramble_s10_10,464.0,73.0,933.0,112.0,150.0,0.0,53.0,612.0,76.0,344.0,670.0,447.0,0.0,0.0,0.0,0.0
pep3_scramble_s10_11,1673.0,471.0,1155.0,837.0,395.0,585.0,544.0,649.0,99.0,335.0,2.0,503.0,0.0,2.0,0.0,1.0
pep3_scramble_s10_12,136.0,77.0,1217.0,0.0,5.0,4.0,35.0,79.0,96.0,210.0,0.0,0.0,0.0,0.0,1.0,0.0
pep3_scramble_s10_13,179.0,272.0,191.0,359.0,143.0,115.0,0.0,261.0,12.0,1.0,99.0,309.0,1.0,767.0,0.0,1.0
pep3_scramble_s10_14,1024.0,24.0,1361.0,317.0,182.0,241.0,32.0,374.0,557.0,582.0,773.0,0.0,0.0,0.0,1.0,0.0
pep3_scramble_s10_15,1429.0,321.0,667.0,395.0,146.0,325.0,0.0,335.0,461.0,273.0,1.0,0.0,24.0,0.0,0.0,4.0
pep3_scramble_s10_16,229.0,179.0,480.0,205.0,3.0,15.0,49.0,95.0,800.0,42.0,356.0,0.0,0.0,135.0,0.0,1.0
pep3_scramble_s10_17,2.0,269.0,163.0,16.0,0.0,332.0,0.0,342.0,423.0,429.0,0.0,0.0,0.0,0.0,0.0,0.0
pep3_scramble_s10_18,13.0,250.0,1631.0,4.0,94.0,30.0,0.0,208.0,3.0,44.0,1471.0,164.0,0.0,1.0,0.0,6.0
pep3_scramble_s10_19,70.0,2.0,0.0,11.0,89.0,437.0,58.0,18.0,0.0,0.0,24.0,13.0,337.0,425.0,0.0,0.0
pep3_scramble_s10_2,366.0,210.0,395.0,248.0,190.0,463.0,0.0,93.0,0.0,2.0,0.0,0.0,149.0,390.0,0.0,0.0
pep3_scramble_s10_20,58.0,548.0,1261.0,710.0,252.0,253.0,152.0,96.0,635.0,1256.0,294.0,28.0,0.0,1095.0,0.0,3.0
pep3_scramble_s10_3,373.0,139.0,138.0,0.0,0.0,91.0,0.0,40.0,111.0,0.0,140.0,418.0,0.0,100.0,0.0,0.0
pep3_scramble_s10_4,316.0,265.0,177.0,0.0,9.0,0.0,72.0,245.0,310.0,0.0,758.0,0.0,0.0,0.0,0.0,1.0
pep3_scramble_s10_5,301.0,723.0,0.0,0.0,73.0,823.0,72.0,304.0,269.0,91.0,7.0,0.0,1.0,592.0,0.0,0.0
pep3_scramble_s10_6,0.0,9.0,186.0,0.0,24.0,431.0,10.0,195.0,190.0,0.0,0.0,0.0,0.0,146.0,1.0,6.0
pep3_scramble_s10_7,0.0,93.0,607.0,0.0,0.0,309.0,75.0,77.0,1.0,0.0,1.0,38.0,0.0,0.0,0.0,0.0
pep3_scramble_s10_8,1377.0,1158.0,810.0,591.0,691.0,258.0,362.0,1058.0,381.0,560.0,0.0,2.0,415.0,334.0,0.0,1.0
pep3_scramble_s10_9,159.0,75.0,588.0,1.0,0.0,133.0,31.0,357.0,2.0,176.0,2424.0,0.0,1.0,0.0,0.0,85.0
pep3_scramble_s1_1,756.0,8.0,3231.0,1399.0,1047.0,2482.0,572.0,1244.0,2576.0,1617.0,1592.0,189.0,1680.0,1828.0,1.0,1.0
pep3_scramble_s1_10,280.0,163.0,188.0,151.0,415.0,1.0,0.0,188.0,0.0,332.0,971.0,0.0,652.0,0.0,249.0,1.0
pep3_scramble_s1_11,4515.0,649.0,1696.0,1756.0,370.0,466.0,382.0,408.0,0.0,285.0,176.0,2.0,2123.0,0.0,0.0,1.0
pep3_scramble_s1_12,258.0,0.0,279.0,1528.0,177.0,855.0,1664.0,1209.0,912.0,968.0,1802.0,190.0,720.0,0.0,0.0,2.0
pep3_scramble_s1_13,24.0,102.0,64.0,1449.0,502.0,754.0,617.0,1954.0,1745.0,2211.0,3576.0,1674.0,290.0,87.0,1.0,0.0
pep3_scramble_s1_14,92.0,183.0,1787.0,235.0,829.0,980.0,562.0,76.0,951.0,1197.0,2052.0,184.0,1.0,1437.0,0.0,1.0
pep3_scramble_s1_15,699.0,315.0,1938.0,592.0,493.0,1669.0,458.0,1064.0,603.0,1812.0,1322.0,392.0,414.0,1150.0,3794.0,0.0
pep3_scramble_s1_16,190.0,123.0,525.0,1.0,1.0,738.0,2.0,523.0,1711.0,49.0,502.0,1738.0,2083.0,1770.0,4457.0,12475.0
pep3_scramble_s1_17,1582.0,190.0,2565.0,2238.0,664.0,3539.0,982.0,2114.0,1511.0,2987.0,2242.0,1929.0,1921.0,288.0,0.0,4.0
pep3_scramble_s1_18,1846.0,174.0,354.0,809.0,0.0,615.0,57.0,470.0,0.0,1.0,0.0,604.0,0.0,0.0,2.0,0.0
pep3_scramble_s1_19,80.0,10.0,231.0,746.0,28.0,0.0,751.0,169.0,419.0,1046.0,276.0,0.0,1.0,4.0,0.0,2959.0
pep3_scramble_s1_2,518.0,221.0,613.0,909.0,196.0,2194.0,469.0,1479.0,1743.0,2951.0,2602.0,582.0,3984.0,480.0,2.0,2401.0
pep3_scramble_s1_20,14.0,460.0,878.0,255.0,418.0,880.0,176.0,962.0,238.0,3096.0,2285.0,244.0,355.0,3317.0,120.0,0.0
pep3_scramble_s1_3,2602.0,1131.0,1664.0,778.0,371.0,1317.0,364.0,207.0,379.0,63.0,0.0,450.0,3473.0,14.0,0.0,0.0
pep3_scramble_s1_4,240.0,0.0,1192.0,231.0,0.0,218.0,363.0,1127.0,29.0,82.0,0.0,148.0,41.0,0.0,1.0,1.0
pep3_scramble_s1_5,2972.0,606.0,1434.0,931.0,362.0,396.0,241.0,1104.0,237.0,1268.0,1932.0,308.0,1003.0,390.0,0.0,1.0
pep3_scramble_s1_6,1520.0,624.0,2253.0,704.0,894.0,522.0,478.0,752.0,270.0,484.0,0.0,0.0,0.0,419.0,0.0,0.0
pep3_scramble_s1_7,69.0,113.0,746.0,92.0,43.0,559.0,462.0,650.0,0.0,212.0,834.0,2903.0,356.0,23.0,1364.0,0.0
pep3_scramble_s1_8,626.0,83.0,639.0,84.0,705.0,822.0,392.0,1031.0,1906.0,733.0,982.0,2076.0,8135.0,3256.0,48.0,81.0
pep3_scramble_s1_9,0.0,206.0,1.0,321.0,113.0,2673.0,265.0,1388.0,631.0,2558.0,262.0,393.0,1745.0,500.0,0.0,203.0
pep3_scramble_s5_1,283.0,318.0,1735.0,1227.0,677.0,1653.0,464.0,707.0,1156.0,753.0,958.0,477.0,2530.0,1373.0,0.0,61.0
pep3_scramble_s5_10,18.0,140.0,176.0,264.0,64.0,1.0,12.0,249.0,19.0,0.0,0.0,10.0,1288.0,0.0,0.0,1.0
pep3_scramble_s5_11,0.0,92.0,0.0,0.0,0.0,640.0,46.0,709.0,47.0,0.0,0.0,227.0,362.0,0.0,0.0,0.0
pep3_scramble_s5_12,0.0,0.0,271.0,284.0,5.0,0.0,103.0,0.0,102.0,142.0,495.0,75.0,137.0,4149.0,0.0,0.0
pep3_scramble_s5_13,826.0,0.0,559.0,0.0,0.0,0.0,27.0,54.0,51.0,214.0,0.0,0.0,4.0,25.0,0.0,0.0
pep3_scramble_s5_14,96.0,429.0,322.0,0.0,0.0,816.0,0.0,171.0,684.0,0.0,13.0,0.0,1.0,402.0,8.0,0.0
pep3_scramble_s5_15,164.0,1.0,97.0,934.0,75.0,14.0,0.0,277.0,2.0,3.0,1652.0,2.0,1.0,3.0,0.0,9440.0
pep3_scramble_s5_16,210.0,229.0,728.0,0.0,126.0,482.0,356.0,66.0,0.0,0.0,0.0,0.0,0.0,0.0,0.0,0.0
pep3_scramble_s5_17,0.0,76.0,1.0,0.0,7.0,19.0,1.0,196.0,0.0,0.0,1351.0,352.0,0.0,0.0,0.0,0.0
pep3_scramble_s5_18,202.0,73.0,157.0,186.0,361.0,0.0,43.0,61.0,120.0,0.0,1.0,0.0,0.0,0.0,0.0,0.0
pep3_scramble_s5_19,773.0,25.0,404.0,626.0,104.0,251.0,400.0,151.0,1.0,388.0,1626.0,0.0,0.0,0.0,469.0,0.0
pep3_scramble_s5_2,374.0,27.0,913.0,894.0,198.0,684.0,187.0,508.0,224.0,540.0,456.0,379.0,0.0,45.0,1.0,1.0
pep3_scramble_s5_20,305.0,369.0,471.0,301.0,0.0,168.0,0.0,302.0,9.0,207.0,0.0,0.0,0.0,0.0,0.0,0.0
pep3_scramble_s5_3,1027.0,905.0,1512.0,406.0,405.0,786.0,270.0,1631.0,215.0,2.0,790.0,0.0,228.0,85.0,1.0,4757.0
pep3_scramble_s5_4,150.0,538.0,338.0,957.0,228.0,944.0,746.0,815.0,1749.0,55.0,836.0,178.0,1596.0,1669.0,1.0,0.0
pep3_scramble_s5_5,320.0,481.0,2060.0,352.0,387.0,2167.0,589.0,923.0,1495.0,810.0,0.0,631.0,213.0,215.0,0.0,2.0
pep3_scramble_s5_6,822.0,15.0,606.0,1168.0,789.0,2572.0,867.0,1694.0,3261.0,680.0,339.0,385.0,1.0,0.0,0.0,0.0
pep3_scramble_s5_7,630.0,44.0,1164.0,1498.0,262.0,954.0,94.0,614.0,1982.0,1030.0,0.0,1.0,1.0,22.0,0.0,0.0
pep3_scramble_s5_8,544.0,761.0,684.0,0.0,0.0,267.0,265.0,58.0,1.0,2595.0,228.0,0.0,1.0,1340.0,0.0,0.0
pep3_scramble_s5_9,0.0,0.0,0.0,244.0,0.0,0.0,0.0,100.0,0.0,181.0,1.0,111.0,18.0,0.0,0.0,0.0
pep3_shift1_ED,866.0,396.0,1103.0,904.0,475.0,1649.0,460.0,521.0,135.0,129.0,91.0,0.0,12.0,0.0,0.0,16.0
pep3_shift1_FYW,93.0,249.0,770.0,320.0,338.0,703.0,170.0,706.0,711.0,0.0,85.0,7.0,0.0,55.0,2.0,0.0
pep3_shift1_GP,265.0,247.0,1305.0,1225.0,218.0,322.0,168.0,546.0,1355.0,714.0,1317.0,154.0,1.0,0.0,1485.0,1.0
pep3_shift1_KR,664.0,306.0,935.0,882.0,737.0,443.0,323.0,679.0,1169.0,3005.0,16.0,404.0,121.0,525.0,1.0,1.0
pep3_shift1_LIVM,517.0,171.0,1499.0,1281.0,406.0,629.0,453.0,820.0,819.0,599.0,658.0,323.0,0.0,0.0,0.0,68.0
pep3_shift1_NQ,0.0,0.0,66.0,0.0,0.0,535.0,3.0,78.0,664.0,17.0,0.0,325.0,279.0,1.0,0.0,1.0
pep3_shift1_S,535.0,730.0,2930.0,3169.0,1384.0,1036.0,1200.0,1969.0,1477.0,1325.0,1745.0,783.0,1.0,0.0,0.0,1.0
pep3_shift1_ST,978.0,204.0,1302.0,821.0,435.0,1442.0,403.0,287.0,314.0,329.0,694.0,163.0,1101.0,1052.0,1.0,5.0
pep3_shift2_ED,22.0,98.0,7.0,132.0,188.0,187.0,77.0,160.0,145.0,0.0,140.0,0.0,0.0,882.0,0.0,0.0
pep3_shift2_FYW,2.0,734.0,2260.0,160.0,385.0,2965.0,870.0,1998.0,1671.0,919.0,1082.0,317.0,1.0,2.0,2.0,44.0
pep3_shift2_GP,517.0,786.0,643.0,284.0,1.0,0.0,547.0,238.0,1047.0,307.0,0.0,0.0,0.0,348.0,1.0,0.0
pep3_shift2_KR,1186.0,124.0,1076.0,1247.0,217.0,416.0,812.0,307.0,2089.0,1.0,1124.0,157.0,1.0,200.0,1.0,0.0
pep3_shift2_LIVM,646.0,888.0,2159.0,2130.0,756.0,1557.0,567.0,1213.0,593.0,2533.0,393.0,100.0,2.0,133.0,3033.0,1.0
pep3_shift2_NQ,1085.0,418.0,1584.0,569.0,689.0,980.0,616.0,485.0,203.0,1.0,1.0,0.0,2.0,839.0,2255.0,1.0
pep3_shift2_S,415.0,13.0,1754.0,589.0,143.0,1376.0,372.0,926.0,1174.0,1073.0,638.0,1.0,514.0,1.0,0.0,2.0
pep3_shift2_ST,547.0,9.0,1810.0,92.0,2.0,85.0,66.0,430.0,965.0,509.0,274.0,0.0,244.0,12.0,1.0,1.0
pep3_swap_all_ED_A,83.0,447.0,2435.0,1270.0,1237.0,2450.0,2486.0,1234.0,2403.0,1864.0,1930.0,766.0,85.0,869.0,0.0,2.0
pep3_swap_all_ED_D,228.0,329.0,642.0,557.0,257.0,188.0,757.0,1611.0,248.0,76.0,330.0,396.0,0.0,0.0,0.0,1.0
pep3_swap_all_ED_E,737.0,641.0,2095.0,447.0,449.0,655.0,784.0,472.0,300.0,239.0,2.0,248.0,932.0,120.0,19.0,0.0
pep3_swap_all_ED_F,42.0,131.0,262.0,439.0,988.0,584.0,1267.0,2571.0,1239.0,2035.0,947.0,1096.0,2002.0,473.0,1.0,9497.0
pep3_swap_all_ED_G,285.0,115.0,35.0,0.0,1.0,739.0,420.0,228.0,0.0,198.0,217.0,49.0,872.0,722.0,0.0,1.0
pep3_swap_all_ED_I,773.0,2.0,1522.0,190.0,887.0,997.0,202.0,1636.0,1639.0,2442.0,2219.0,1421.0,10160.0,445.0,1042.0,13271.0
pep3_swap_all_ED_K,118.0,121.0,18.0,36.0,215.0,91.0,128.0,87.0,0.0,408.0,0.0,17.0,0.0,0.0,0.0,0.0
pep3_swap_all_ED_L,9.0,68.0,127.0,1095.0,827.0,73.0,574.0,1352.0,4040.0,4816.0,4580.0,3117.0,13625.0,2505.0,3695.0,8341.0
pep3_swap_all_ED_M,4.0,6.0,1.0,87.0,95.0,72.0,719.0,2943.0,1649.0,2745.0,4911.0,2409.0,6850.0,4533.0,6.0,103.0
pep3_swap_all_ED_N,236.0,0.0,65.0,118.0,0.0,219.0,249.0,358.0,35.0,351.0,0.0,1.0,0.0,0.0,0.0,0.0
pep3_swap_all_ED_P,0.0,168.0,2268.0,674.0,375.0,612.0,214.0,1356.0,1.0,59.0,228.0,443.0,2.0,0.0,36.0,1.0
pep3_swap_all_ED_Q,205.0,192.0,544.0,247.0,52.0,542.0,6.0,232.0,315.0,648.0,382.0,0.0,0.0,0.0,898.0,0.0
pep3_swap_all_ED_R,1017.0,144.0,1007.0,388.0,430.0,412.0,619.0,916.0,1477.0,374.0,281.0,225.0,43.0,0.0,1.0,0.0
pep3_swap_all_ED_S,1260.0,567.0,2100.0,1436.0,528.0,957.0,613.0,507.0,260.0,529.0,837.0,648.0,1.0,130.0,7040.0,9.0
pep3_swap_all_ED_T,704.0,52.0,715.0,227.0,854.0,442.0,538.0,691.0,440.0,0.0,1.0,250.0,1.0,315.0,1.0,490.0
pep3_swap_all_ED_V,367.0,97.0,232.0,508.0,484.0,1110.0,797.0,1032.0,1108.0,2451.0,4653.0,136.0,3578.0,2490.0,13.0,2.0
pep3_swap_all_ED_Y,312.0,281.0,3039.0,1906.0,990.0,2268.0,1769.0,2226.0,1611.0,2546.0,1227.0,95.0,2552.0,2109.0,0.0,3.0
pep3_swap_all_FYW_A,1411.0,916.0,469.0,166.0,159.0,6.0,164.0,302.0,0.0,744.0,837.0,90.0,19.0,0.0,31.0,1587.0
pep3_swap_all_FYW_D,4318.0,2524.0,2100.0,670.0,263.0,429.0,274.0,498.0,1.0,8.0,1.0,165.0,0.0,1.0,1.0,2.0
pep3_swap_all_FYW_E,1304.0,338.0,203.0,262.0,193.0,396.0,562.0,461.0,0.0,0.0,27.0,0.0,426.0,0.0,103.0,0.0
pep3_swap_all_FYW_F,269.0,0.0,0.0,35.0,0.0,687.0,300.0,50.0,56.0,0.0,2.0,1.0,0.0,0.0,1.0,0.0
pep3_swap_all_FYW_G,432.0,91.0,52.0,183.0,0.0,0.0,395.0,95.0,0.0,62.0,0.0,1.0,0.0,0.0,0.0,0.0
pep3_swap_all_FYW_I,1132.0,368.0,1179.0,814.0,422.0,0.0,9.0,153.0,219.0,68.0,318.0,0.0,0.0,0.0,0.0,0.0
pep3_swap_all_FYW_K,1913.0,521.0,43.0,0.0,0.0,183.0,163.0,125.0,174.0,579.0,1501.0,302.0,0.0,2.0,0.0,0.0
pep3_swap_all_FYW_L,2.0,11.0,121.0,752.0,163.0,1.0,201.0,339.0,313.0,0.0,0.0,576.0,0.0,0.0,0.0,0.0
pep3_swap_all_FYW_M,0.0,47.0,0.0,476.0,61.0,237.0,62.0,189.0,371.0,2.0,0.0,683.0,0.0,358.0,0.0,0.0
pep3_swap_all_FYW_N,74.0,104.0,0.0,378.0,0.0,330.0,405.0,64.0,189.0,222.0,114.0,253.0,0.0,0.0,0.0,0.0
pep3_swap_all_FYW_P,3714.0,1014.0,1243.0,503.0,90.0,78.0,323.0,666.0,294.0,198.0,0.0,129.0,0.0,765.0,2.0,1.0
pep3_swap_all_FYW_Q,423.0,50.0,517.0,246.0,0.0,25.0,255.0,75.0,91.0,616.0,223.0,21.0,10.0,498.0,0.0,0.0
pep3_swap_all_FYW_R,2873.0,1027.0,1993.0,646.0,29.0,404.0,14.0,89.0,0.0,867.0,1315.0,249.0,1.0,0.0,0.0,1.0
pep3_swap_all_FYW_S,1890.0,757.0,266.0,533.0,135.0,975.0,50.0,17.0,196.0,0.0,0.0,647.0,0.0,13.0,0.0,0.0
pep3_swap_all_FYW_T,2922.0,355.0,1379.0,312.0,270.0,1654.0,1494.0,2255.0,960.0,154.0,3361.0,38.0,0.0,0.0,0.0,1.0
pep3_swap_all_FYW_V,696.0,602.0,501.0,154.0,0.0,0.0,0.0,1426.0,263.0,444.0,0.0,0.0,37.0,0.0,0.0,0.0
pep3_swap_all_FYW_Y,0.0,190.0,207.0,0.0,654.0,1.0,288.0,628.0,12.0,547.0,1670.0,140.0,1.0,0.0,31.0,1013.0
pep3_swap_all_GP_A,533.0,31.0,82.0,143.0,29.0,2.0,382.0,1021.0,213.0,217.0,0.0,294.0,1.0,283.0,2.0,0.0
pep3_swap_all_GP_D,2033.0,1339.0,1779.0,1702.0,1551.0,1401.0,397.0,1742.0,424.0,1270.0,539.0,23.0,2.0,4.0,4.0,1.0
pep3_swap_all_GP_E,2183.0,375.0,2152.0,1345.0,986.0,1339.0,522.0,833.0,1004.0,491.0,1419.0,74.0,0.0,1.0,3.0,6244.0
pep3_swap_all_GP_F,562.0,242.0,829.0,252.0,0.0,471.0,354.0,692.0,1.0,1047.0,69.0,115.0,2033.0,0.0,6.0,1.0
pep3_swap_all_GP_G,838.0,168.0,448.0,385.0,91.0,240.0,36.0,475.0,119.0,38.0,85.0,0.0,1.0,0.0,0.0,1.0
pep3_swap_all_GP_I,735.0,316.0,3657.0,1730.0,733.0,332.0,825.0,280.0,1585.0,2901.0,506.0,753.0,0.0,1.0,0.0,0.0
pep3_swap_all_GP_K,2592.0,1624.0,4460.0,2241.0,920.0,1147.0,776.0,2476.0,2426.0,1182.0,1132.0,617.0,7.0,2.0,3.0,4.0
pep3_swap_all_GP_L,999.0,1235.0,3241.0,1925.0,838.0,1141.0,808.0,792.0,486.0,1158.0,0.0,0.0,1.0,0.0,13.0,100.0
pep3_swap_all_GP_M,173.0,178.0,1537.0,743.0,295.0,436.0,243.0,1634.0,450.0,995.0,853.0,851.0,1.0,0.0,0.0,1.0
pep3_swap_all_GP_N,1851.0,811.0,5616.0,1707.0,836.0,1538.0,1199.0,1471.0,1454.0,531.0,380.0,0.0,1.0,1108.0,1.0,0.0
pep3_swap_all_GP_P,784.0,47.0,1271.0,1068.0,161.0,2029.0,509.0,682.0,3.0,606.0,131.0,126.0,4.0,0.0,36.0,0.0
pep3_swap_all_GP_Q,1547.0,536.0,2239.0,691.0,1155.0,3123.0,942.0,2665.0,804.0,1950.0,1322.0,699.0,2393.0,3.0,2.0,0.0
pep3_swap_all_GP_R,1603.0,573.0,3591.0,2394.0,630.0,1387.0,336.0,1168.0,1024.0,661.0,742.0,332.0,1.0,193.0,1.0,1.0
pep3_swap_all_GP_S,299.0,43.0,2199.0,49.0,131.0,412.0,308.0,755.0,331.0,405.0,499.0,222.0,151.0,252.0,1.0,2.0
pep3_swap_all_GP_T,395.0,103.0,375.0,723.0,0.0,2.0,49.0,188.0,503.0,652.0,69.0,394.0,1.0,1.0,0.0,0.0
pep3_swap_all_GP_V,1810.0,596.0,2059.0,1370.0,271.0,763.0,904.0,1325.0,1980.0,1066.0,357.0,358.0,601.0,0.0,358.0,0.0
pep3_swap_all_GP_Y,2.0,261.0,248.0,0.0,1.0,529.0,61.0,168.0,21.0,0.0,107.0,335.0,0.0,0.0,0.0,0.0
pep3_swap_all_KR_A,380.0,0.0,424.0,1.0,285.0,125.0,0.0,665.0,144.0,50.0,23.0,1.0,24.0,1.0,0.0,0.0
pep3_swap_all_KR_D,379.0,407.0,1080.0,119.0,82.0,98.0,0.0,119.0,54.0,93.0,0.0,74.0,2423.0,0.0,0.0,0.0
pep3_swap_all_KR_E,670.0,269.0,1532.0,660.0,211.0,3435.0,97.0,442.0,228.0,371.0,0.0,1.0,2.0,369.0,1.0,0.0
pep3_swap_all_KR_F,547.0,682.0,474.0,217.0,239.0,1550.0,166.0,680.0,545.0,342.0,217.0,184.0,223.0,0.0,0.0,0.0
pep3_swap_all_KR_G,264.0,124.0,649.0,12.0,0.0,1600.0,8.0,1114.0,48.0,198.0,1130.0,47.0,14.0,0.0,0.0,1.0
pep3_swap_all_KR_I,1348.0,458.0,1766.0,2002.0,666.0,3192.0,681.0,1623.0,992.0,1116.0,676.0,551.0,1606.0,4.0,0.0,2.0
pep3_swap_all_KR_K,441.0,0.0,179.0,571.0,51.0,499.0,720.0,436.0,475.0,13.0,236.0,0.0,1.0,0.0,2.0,0.0
pep3_swap_all_KR_L,3493.0,1666.0,3307.0,2287.0,873.0,4404.0,1638.0,2642.0,1355.0,355.0,1.0,2.0,22.0,0.0,4.0,3.0
pep3_swap_all_KR_M,777.0,203.0,218.0,95.0,115.0,0.0,200.0,412.0,322.0,245.0,3.0,0.0,5086.0,0.0,1.0,0.0
pep3_swap_all_KR_N,345.0,194.0,431.0,56.0,0.0,1747.0,260.0,859.0,102.0,1091.0,403.0,389.0,0.0,765.0,0.0,7106.0
pep3_swap_all_KR_P,317.0,3.0,401.0,1040.0,0.0,78.0,0.0,64.0,1.0,86.0,578.0,38.0,192.0,44.0,0.0,0.0
pep3_swap_all_KR_Q,467.0,393.0,373.0,85.0,903.0,812.0,657.0,858.0,764.0,1097.0,0.0,343.0,4.0,0.0,4001.0,1.0
pep3_swap_all_KR_R,1588.0,665.0,2501.0,879.0,76.0,930.0,163.0,483.0,334.0,953.0,986.0,0.0,158.0,27.0,1.0,0.0
pep3_swap_all_KR_S,0.0,54.0,8.0,57.0,3.0,0.0,580.0,780.0,41.0,404.0,636.0,159.0,1694.0,6281.0,19.0,1.0
pep3_swap_all_KR_T,517.0,297.0,961.0,991.0,526.0,1564.0,95.0,327.0,99.0,0.0,0.0,0.0,0.0,32.0,0.0,1.0
pep3_swap_all_KR_V,875.0,869.0,3811.0,2611.0,1203.0,3419.0,2537.0,1646.0,1713.0,2470.0,963.0,656.0,0.0,585.0,1.0,2.0
pep3_swap_all_KR_Y,274.0,62.0,278.0,32.0,67.0,62.0,940.0,601.0,162.0,17.0,0.0,18.0,208.0,351.0,0.0,99.0
pep3_swap_all_LIVM_A,4495.0,1153.0,5591.0,3182.0,3107.0,1441.0,1242.0,1105.0,1284.0,750.0,673.0,205.0,1018.0,248.0,1.0,2.0
pep3_swap_all_LIVM_D,3083.0,126.0,1107.0,1786.0,78.0,1511.0,355.0,938.0,677.0,510.0,455.0,6.0,2247.0,1.0,1.0,5.0
pep3_swap_all_LIVM_E,1502.0,322.0,100.0,56.0,0.0,186.0,1.0,159.0,23.0,0.0,31.0,0.0,0.0,0.0,0.0,0.0
pep3_swap_all_LIVM_F,0.0,98.0,253.0,343.0,0.0,409.0,225.0,255.0,2.0,179.0,0.0,40.0,0.0,0.0,0.0,0.0
pep3_swap_all_LIVM_G,748.0,704.0,1888.0,2522.0,453.0,292.0,0.0,843.0,69.0,682.0,0.0,665.0,816.0,57.0,3.0,0.0
pep3_swap_all_LIVM_I,470.0,144.0,103.0,1.0,38.0,170.0,0.0,355.0,0.0,327.0,19.0,108.0,0.0,1.0,0.0,2606.0
pep3_swap_all_LIVM_K,1772.0,197.0,2641.0,1172.0,5.0,279.0,30.0,394.0,0.0,0.0,0.0,86.0,1.0,0.0,0.0,1.0
pep3_swap_all_LIVM_L,0.0,108.0,243.0,40.0,90.0,207.0,400.0,144.0,1.0,358.0,115.0,0.0,0.0,0.0,0.0,64.0
pep3_swap_all_LIVM_M,288.0,21.0,288.0,162.0,38.0,20.0,0.0,483.0,0.0,498.0,0.0,3.0,601.0,1.0,5.0,0.0
pep3_swap_all_LIVM_N,1415.0,686.0,598.0,146.0,11.0,193.0,58.0,0.0,40.0,0.0,32.0,0.0,0.0,0.0,0.0,54.0
pep3_swap_all_LIVM_P,2334.0,1818.0,3965.0,1953.0,1286.0,3827.0,666.0,2136.0,1679.0,1834.0,414.0,0.0,1.0,1.0,0.0,4.0
pep3_swap_all_LIVM_Q,944.0,244.0,130.0,128.0,0.0,0.0,35.0,483.0,199.0,39.0,0.0,0.0,1.0,1.0,7.0,0.0
pep3_swap_all_LIVM_R,7370.0,665.0,788.0,719.0,1223.0,743.0,688.0,733.0,64.0,640.0,1601.0,653.0,2.0,0.0,2.0,0.0
pep3_swap_all_LIVM_S,6854.0,2449.0,5239.0,4621.0,1227.0,2799.0,398.0,763.0,715.0,759.0,1.0,0.0,1.0,4.0,2.0,3.0
pep3_swap_all_LIVM_T,5339.0,1042.0,728.0,456.0,2.0,1.0,0.0,205.0,0.0,60.0,1699.0,78.0,1.0,1.0,0.0,0.0
pep3_swap_all_LIVM_V,1031.0,787.0,861.0,1011.0,170.0,345.0,90.0,454.0,667.0,0.0,416.0,7.0,506.0,0.0,1.0,2.0
pep3_swap_all_LIVM_Y,0.0,27.0,126.0,43.0,0.0,210.0,0.0,54.0,28.0,10.0,0.0,65.0,0.0,2.0,0.0,0.0
pep3_swap_all_NQ_A,2461.0,2036.0,4612.0,2840.0,896.0,3881.0,1144.0,1274.0,2566.0,1482.0,1117.0,1242.0,1.0,2494.0,7026.0,2.0
pep3_swap_all_NQ_D,101.0,2.0,1098.0,1.0,35.0,2.0,390.0,61.0,413.0,1.0,116.0,1.0,330.0,0.0,0.0,0.0
pep3_swap_all_NQ_E,1266.0,847.0,1810.0,164.0,530.0,115.0,265.0,957.0,292.0,941.0,3.0,9.0,571.0,0.0,0.0,1.0
pep3_swap_all_NQ_F,113.0,254.0,1689.0,419.0,938.0,4149.0,1371.0,3111.0,2780.0,2706.0,11195.0,2555.0,5138.0,585.0,13.0,24462.0
pep3_swap_all_NQ_G,0.0,457.0,3554.0,1125.0,330.0,3649.0,1175.0,2663.0,4142.0,3149.0,3910.0,712.0,3831.0,2190.0,1.0,8809.0
pep3_swap_all_NQ_I,2047.0,1323.0,5192.0,2104.0,480.0,1834.0,918.0,2254.0,1226.0,1521.0,2450.0,1218.0,2537.0,4.0,20706.0,7.0
pep3_swap_all_NQ_K,2022.0,1357.0,1354.0,227.0,117.0,1701.0,248.0,1541.0,790.0,524.0,248.0,78.0,129.0,0.0,0.0,3.0
pep3_swap_all_NQ_L,458.0,1026.0,2735.0,2466.0,1445.0,4507.0,4235.0,6224.0,5754.0,9154.0,6005.0,2204.0,1663.0,2237.0,16.0,147.0
pep3_swap_all_NQ_M,2704.0,482.0,2251.0,965.0,966.0,3939.0,1235.0,3530.0,8764.0,10347.0,13558.0,5283.0,16784.0,4750.0,5376.0,59.0
pep3_swap_all_NQ_N,444.0,147.0,1002.0,1031.0,71.0,274.0,1077.0,143.0,687.0,259.0,1532.0,1146.0,71.0,143.0,0.0,1.0
pep3_swap_all_NQ_P,4948.0,1297.0,6564.0,2529.0,1257.0,2108.0,933.0,1204.0,812.0,1363.0,1192.0,243.0,3232.0,2859.0,0.0,395.0
pep3_swap_all_NQ_Q,5920.0,1439.0,6361.0,2237.0,1256.0,4534.0,2678.0,1418.0,2908.0,3559.0,2.0,1150.0,1302.0,1.0,4.0,5.0
pep3_swap_all_NQ_R,758.0,1381.0,1402.0,1194.0,396.0,2011.0,964.0,886.0,423.0,1828.0,1171.0,46.0,1.0,0.0,11.0,1.0
pep3_swap_all_NQ_S,873.0,1366.0,5185.0,2278.0,1700.0,4577.0,2116.0,3711.0,2654.0,2196.0,254.0,549.0,247.0,0.0,4728.0,2.0
pep3_swap_all_NQ_T,3529.0,1265.0,2782.0,2967.0,779.0,2451.0,2567.0,1595.0,329.0,2134.0,15.0,731.0,6308.0,105.0,1224.0,116.0
pep3_swap_all_NQ_V,283.0,11.0,893.0,759.0,570.0,984.0,2560.0,2116.0,7571.0,11950.0,48994.0,22486.0,71826.0,49534.0,47113.0,82260.0
pep3_swap_all_NQ_Y,125.0,419.0,475.0,146.0,532.0,2163.0,1892.0,2199.0,6529.0,7698.0,4163.0,4519.0,8972.0,1811.0,585.0,10321.0
pep3_swap_all_ST_A,280.0,548.0,1410.0,837.0,1024.0,879.0,818.0,572.0,3544.0,2568.0,1253.0,1588.0,94.0,1599.0,2.0,35.0
pep3_swap_all_ST_D,0.0,88.0,824.0,320.0,281.0,1380.0,235.0,202.0,264.0,920.0,930.0,175.0,1.0,0.0,0.0,0.0
pep3_swap_all_ST_E,813.0,355.0,0.0,976.0,75.0,554.0,206.0,290.0,35.0,207.0,0.0,86.0,1.0,1.0,0.0,0.0
pep3_swap_all_ST_F,219.0,200.0,556.0,176.0,257.0,861.0,263.0,1041.0,1574.0,488.0,97.0,260.0,0.0,0.0,0.0,0.0
pep3_swap_all_ST_G,654.0,324.0,1002.0,463.0,304.0,549.0,70.0,174.0,290.0,87.0,0.0,0.0,0.0,0.0,0.0,0.0
pep3_swap_all_ST_I,156.0,242.0,25.0,67.0,160.0,0.0,211.0,0.0,0.0,0.0,0.0,0.0,0.0,0.0,0.0,0.0
pep3_swap_all_ST_K,826.0,200.0,1479.0,46.0,0.0,140.0,175.0,173.0,550.0,0.0,1.0,30.0,0.0,0.0,8.0,1.0
pep3_swap_all_ST_L,2438.0,171.0,5286.0,1266.0,1003.0,2089.0,792.0,1879.0,1903.0,1810.0,444.0,29.0,101.0,1496.0,2.0,1.0
pep3_swap_all_ST_M,71.0,2.0,2.0,1048.0,95.0,770.0,74.0,950.0,1473.0,712.0,1488.0,2262.0,5626.0,8374.0,10785.0,43.0
pep3_swap_all_ST_N,1096.0,718.0,949.0,647.0,295.0,338.0,549.0,674.0,149.0,1199.0,253.0,3397.0,1.0,672.0,0.0,1.0
pep3_swap_all_ST_P,962.0,668.0,1706.0,1250.0,950.0,2891.0,1747.0,1337.0,1312.0,1162.0,1397.0,1150.0,0.0,748.0,86.0,2.0
pep3_swap_all_ST_Q,1750.0,874.0,2932.0,1914.0,648.0,1011.0,490.0,331.0,603.0,1.0,0.0,120.0,0.0,2.0,1.0,0.0
pep3_swap_all_ST_R,475.0,83.0,2483.0,890.0,39.0,849.0,899.0,710.0,1780.0,9.0,1248.0,151.0,2.0,0.0,1.0,5.0
pep3_swap_all_ST_S,1087.0,254.0,2384.0,674.0,58.0,886.0,1327.0,2339.0,1049.0,1276.0,1340.0,444.0,0.0,534.0,1.0,1.0
pep3_swap_all_ST_T,583.0,843.0,1195.0,569.0,439.0,1067.0,655.0,771.0,58.0,80.0,658.0,0.0,2.0,11.0,0.0,7.0
pep3_swap_all_ST_V,838.0,68.0,1011.0,169.0,166.0,348.0,247.0,599.0,2213.0,1906.0,6045.0,4008.0,50238.0,34247.0,143227.0,241517.0
pep3_swap_all_ST_Y,0.0,0.0,0.0,307.0,295.0,0.0,464.0,933.0,543.0,190.0,978.0,1145.0,0.0,0.0,0.0,0.0
pep3_swap_all_S_A,100.0,428.0,858.0,664.0,620.0,1341.0,560.0,1199.0,901.0,1988.0,882.0,176.0,1.0,0.0,0.0,9.0
pep3_swap_all_S_D,518.0,240.0,1369.0,1943.0,703.0,1572.0,319.0,279.0,1515.0,924.0,1779.0,98.0,0.0,1679.0,0.0,3.0
pep3_swap_all_S_E,965.0,62.0,1427.0,514.0,93.0,911.0,371.0,215.0,392.0,278.0,1.0,1.0,0.0,1.0,0.0,0.0
pep3_swap_all_S_F,224.0,1.0,557.0,179.0,258.0,235.0,134.0,2478.0,299.0,364.0,474.0,468.0,1766.0,0.0,2.0,0.0
pep3_swap_all_S_G,141.0,73.0,640.0,234.0,1371.0,1674.0,1167.0,2145.0,1701.0,900.0,3078.0,1509.0,0.0,1265.0,0.0,0.0
pep3_swap_all_S_I,1278.0,816.0,3698.0,1632.0,374.0,2025.0,812.0,1354.0,196.0,1126.0,284.0,0.0,1.0,0.0,2.0,0.0
pep3_swap_all_S_K,800.0,346.0,805.0,1643.0,193.0,681.0,131.0,98.0,1559.0,297.0,0.0,158.0,0.0,0.0,0.0,0.0
pep3_swap_all_S_L,518.0,298.0,2046.0,1496.0,466.0,1500.0,138.0,933.0,727.0,1114.0,192.0,80.0,1.0,58.0,1.0,0.0
pep3_swap_all_S_M,3.0,5.0,3.0,102.0,66.0,832.0,355.0,1136.0,1750.0,3182.0,10164.0,3054.0,12133.0,7179.0,2.0,33752.0
pep3_swap_all_S_N,68.0,443.0,854.0,434.0,161.0,155.0,385.0,146.0,1.0,149.0,0.0,5.0,0.0,0.0,0.0,30.0
pep3_swap_all_S_P,1857.0,910.0,1673.0,2631.0,616.0,1213.0,619.0,1077.0,378.0,162.0,0.0,64.0,1983.0,0.0,1.0,0.0
pep3_swap_all_S_Q,2693.0,361.0,3590.0,2023.0,1130.0,1509.0,149.0,2100.0,473.0,84.0,639.0,71.0,0.0,4.0,0.0,3.0
pep3_swap_all_S_R,571.0,153.0,1300.0,871.0,658.0,2174.0,379.0,10.0,2029.0,581.0,1.0,391.0,742.0,708.0,0.0,0.0
pep3_swap_all_S_T,2269.0,1675.0,4580.0,1067.0,898.0,2901.0,841.0,735.0,258.0,141.0,1333.0,3.0,1.0,0.0,2359.0,1.0
pep3_swap_all_S_V,183.0,117.0,1024.0,300.0,535.0,46.0,145.0,2172.0,3907.0,2419.0,16265.0,5732.0,59705.0,44357.0,272806.0,488649.0
pep3_swap_all_S_Y,11.0,148.0,503.0,1.0,102.0,1135.0,706.0,973.0,431.0,803.0,678.0,555.0,2476.0,774.0,0.0,0.0
pep3_swap_jumps_ED_A,595.0,68.0,1256.0,878.0,370.0,286.0,69.0,517.0,488.0,95.0,3271.0,506.0,0.0,530.0,2.0,3.0
pep3_swap_jumps_ED_D,909.0,211.0,81.0,578.0,286.0,659.0,966.0,1002.0,0.0,12.0,225.0,91.0,181.0,1.0,1.0,2.0
pep3_swap_jumps_ED_E,235.0,391.0,800.0,193.0,8.0,251.0,324.0,218.0,1091.0,592.0,1219.0,1.0,1.0,2377.0,1.0,10730.0
pep3_swap_jumps_ED_F,158.0,260.0,2692.0,319.0,818.0,731.0,1330.0,573.0,292.0,649.0,375.0,383.0,1.0,0.0,2407.0,1.0
pep3_swap_jumps_ED_G,1423.0,375.0,505.0,744.0,740.0,500.0,216.0,538.0,2.0,356.0,883.0,0.0,0.0,0.0,0.0,0.0
pep3_swap_jumps_ED_I,770.0,234.0,643.0,376.0,27.0,779.0,125.0,389.0,659.0,404.0,3087.0,0.0,2.0,1.0,2.0,0.0
pep3_swap_jumps_ED_K,319.0,73.0,766.0,117.0,173.0,624.0,1.0,104.0,0.0,548.0,0.0,0.0,0.0,0.0,0.0,182.0
pep3_swap_jumps_ED_L,333.0,988.0,1993.0,102.0,155.0,319.0,120.0,971.0,205.0,587.0,26.0,0.0,20.0,0.0,0.0,0.0
pep3_swap_jumps_ED_M,2126.0,54.0,943.0,480.0,1116.0,661.0,494.0,913.0,2213.0,1101.0,457.0,562.0,1090.0,2.0,1.0,96.0
pep3_swap_jumps_ED_N,0.0,66.0,0.0,148.0,38.0,476.0,24.0,1.0,142.0,146.0,924.0,340.0,0.0,0.0,1.0,0.0
pep3_swap_jumps_ED_P,430.0,84.0,699.0,610.0,0.0,1.0,272.0,59.0,269.0,330.0,160.0,53.0,1.0,108.0,0.0,0.0
pep3_swap_jumps_ED_Q,254.0,27.0,54.0,0.0,230.0,7.0,107.0,138.0,114.0,205.0,0.0,115.0,0.0,0.0,0.0,0.0
pep3_swap_jumps_ED_R,192.0,80.0,1103.0,1023.0,411.0,526.0,480.0,301.0,75.0,826.0,1042.0,0.0,1454.0,0.0,1.0,2.0
pep3_swap_jumps_ED_S,557.0,92.0,110.0,1755.0,236.0,800.0,143.0,1383.0,1.0,518.0,862.0,120.0,634.0,2.0,0.0,2.0
pep3_swap_jumps_ED_T,144.0,69.0,1235.0,479.0,338.0,382.0,605.0,337.0,489.0,1863.0,2378.0,0.0,4469.0,1.0,2.0,2.0
pep3_swap_jumps_ED_V,1171.0,205.0,820.0,366.0,283.0,225.0,193.0,100.0,465.0,136.0,1.0,0.0,0.0,175.0,0.0,0.0
pep3_swap_jumps_ED_Y,298.0,102.0,742.0,187.0,323.0,1840.0,1084.0,1243.0,1853.0,544.0,1984.0,357.0,312.0,2629.0,0.0,2432.0
pep3_swap_jumps_FYW_A,762.0,63.0,582.0,295.0,36.0,70.0,12.0,17.0,331.0,568.0,0.0,437.0,481.0,0.0,0.0,0.0
pep3_swap_jumps_FYW_D,1884.0,911.0,680.0,409.0,257.0,618.0,104.0,1588.0,978.0,119.0,0.0,267.0,513.0,134.0,1.0,3.0
pep3_swap_jumps_FYW_E,1342.0,314.0,111.0,128.0,640.0,465.0,105.0,1070.0,822.0,2193.0,1753.0,549.0,0.0,0.0,26.0,233.0
pep3_swap_jumps_FYW_F,80.0,0.0,329.0,0.0,1.0,47.0,223.0,240.0,132.0,17.0,0.0,179.0,0.0,0.0,0.0,0.0
pep3_swap_jumps_FYW_G,675.0,254.0,0.0,508.0,0.0,39.0,93.0,42.0,210.0,2314.0,1985.0,273.0,476.0,0.0,1.0,141.0
pep3_swap_jumps_FYW_I,1031.0,60.0,1113.0,575.0,241.0,267.0,188.0,40.0,1063.0,345.0,1978.0,32.0,1.0,0.0,1.0,1.0
pep3_swap_jumps_FYW_K,130.0,208.0,0.0,55.0,0.0,1354.0,0.0,224.0,0.0,514.0,473.0,298.0,69.0,1.0,652.0,0.0
pep3_swap_jumps_FYW_L,260.0,119.0,501.0,0.0,1.0,14.0,681.0,160.0,393.0,0.0,0.0,210.0,2.0,0.0,0.0,0.0
pep3_swap_jumps_FYW_M,186.0,110.0,442.0,493.0,310.0,0.0,145.0,102.0,9.0,0.0,630.0,289.0,1745.0,0.0,140.0,0.0
pep3_swap_jumps_FYW_N,719.0,58.0,328.0,0.0,0.0,433.0,328.0,496.0,212.0,99.0,942.0,170.0,1.0,1.0,5.0,34.0
pep3_swap_jumps_FYW_P,1364.0,26.0,0.0,0.0,42.0,0.0,204.0,435.0,451.0,0.0,1070.0,0.0,957.0,0.0,0.0,1.0
pep3_swap_jumps_FYW_Q,642.0,163.0,960.0,211.0,0.0,101.0,12.0,19.0,0.0,1.0,206.0,0.0,1035.0,1.0,0.0,7.0
pep3_swap_jumps_FYW_R,873.0,352.0,67.0,1134.0,165.0,2882.0,1241.0,464.0,1125.0,1246.0,494.0,17.0,0.0,3.0,1.0,2.0
pep3_swap_jumps_FYW_S,1691.0,676.0,1724.0,1746.0,271.0,381.0,476.0,692.0,1534.0,482.0,2753.0,1.0,0.0,1.0,1.0,1.0
pep3_swap_jumps_FYW_T,51.0,726.0,377.0,458.0,488.0,1013.0,891.0,193.0,180.0,960.0,0.0,1261.0,0.0,0.0,0.0,1.0
pep3_swap_jumps_FYW_V,590.0,443.0,530.0,341.0,207.0,173.0,729.0,402.0,889.0,44.0,23.0,248.0,158.0,106.0,0.0,50.0
pep3_swap_jumps_FYW_Y,466.0,24.0,0.0,247.0,122.0,0.0,0.0,380.0,100.0,129.0,231.0,33.0,0.0,0.0,0.0,0.0
pep3_swap_jumps_GP_A,513.0,81.0,329.0,493.0,38.0,0.0,419.0,289.0,782.0,515.0,391.0,0.0,0.0,0.0,725.0,1.0
pep3_swap_jumps_GP_D,1649.0,800.0,2310.0,903.0,435.0,1265.0,471.0,2265.0,2238.0,1915.0,737.0,715.0,1.0,1.0,38.0,1.0
pep3_swap_jumps_GP_E,344.0,149.0,1739.0,464.0,478.0,1917.0,328.0,863.0,1126.0,300.0,706.0,807.0,2.0,1.0,0.0,3.0
pep3_swap_jumps_GP_F,602.0,204.0,700.0,1.0,151.0,843.0,517.0,531.0,88.0,1.0,263.0,4.0,95.0,1.0,257.0,159.0
pep3_swap_jumps_GP_G,12.0,471.0,375.0,102.0,362.0,430.0,146.0,693.0,211.0,1.0,707.0,1.0,503.0,713.0,0.0,2.0
pep3_swap_jumps_GP_I,1534.0,478.0,1886.0,1326.0,566.0,2021.0,680.0,2709.0,538.0,2640.0,1519.0,916.0,600.0,168.0,2.0,0.0
pep3_swap_jumps_GP_K,1922.0,606.0,2165.0,1532.0,708.0,826.0,1087.0,339.0,612.0,429.0,350.0,1.0,0.0,1.0,0.0,0.0
pep3_swap_jumps_GP_L,794.0,197.0,2554.0,817.0,180.0,410.0,1179.0,860.0,736.0,1694.0,1193.0,589.0,0.0,853.0,1.0,0.0
pep3_swap_jumps_GP_M,405.0,22.0,879.0,143.0,0.0,108.0,35.0,169.0,95.0,265.0,0.0,0.0,0.0,0.0,6.0,0.0
pep3_swap_jumps_GP_N,2495.0,312.0,3543.0,1106.0,922.0,1474.0,651.0,436.0,506.0,1.0,24.0,163.0,2.0,1.0,0.0,1.0
pep3_swap_jumps_GP_P,1116.0,265.0,990.0,295.0,322.0,878.0,694.0,771.0,1.0,986.0,514.0,36.0,140.0,1.0,0.0,19.0
pep3_swap_jumps_GP_Q,2762.0,345.0,1783.0,814.0,721.0,1958.0,1203.0,2294.0,1917.0,1800.0,3657.0,1624.0,1336.0,1152.0,2.0,4.0
pep3_swap_jumps_GP_R,2117.0,290.0,4329.0,448.0,812.0,1486.0,783.0,694.0,62.0,232.0,1789.0,107.0,494.0,184.0,24.0,14.0
pep3_swap_jumps_GP_S,157.0,0.0,100.0,66.0,101.0,120.0,498.0,41.0,170.0,814.0,0.0,375.0,579.0,0.0,0.0,0.0
pep3_swap_jumps_GP_T,151.0,31.0,222.0,53.0,2.0,157.0,518.0,395.0,161.0,1061.0,173.0,577.0,1591.0,186.0,0.0,300.0
pep3_swap_jumps_GP_V,185.0,668.0,2612.0,685.0,220.0,1410.0,785.0,1264.0,806.0,342.0,1.0,216.0,0.0,4.0,1.0,1.0
pep3_swap_jumps_GP_Y,521.0,65.0,580.0,536.0,0.0,1044.0,270.0,318.0,242.0,973.0,935.0,148.0,1288.0,0.0,0.0,0.0
pep3_swap_jumps_KR_A,526.0,100.0,171.0,563.0,946.0,236.0,0.0,205.0,135.0,102.0,806.0,1.0,1.0,4.0,0.0,2.0
pep3_swap_jumps_KR_D,659.0,245.0,180.0,361.0,288.0,141.0,394.0,225.0,1.0,92.0,112.0,737.0,0.0,1.0,0.0,1.0
pep3_swap_jumps_KR_E,319.0,162.0,76.0,129.0,0.0,1346.0,58.0,337.0,0.0,526.0,0.0,0.0,0.0,0.0,1.0,0.0
pep3_swap_jumps_KR_F,392.0,257.0,27.0,191.0,45.0,85.0,9.0,233.0,1.0,311.0,898.0,0.0,0.0,0.0,17.0,1.0
pep3_swap_jumps_KR_G,150.0,4.0,480.0,0.0,164.0,303.0,1.0,417.0,1.0,0.0,189.0,0.0,0.0,150.0,0.0,1.0
pep3_swap_jumps_KR_I,1283.0,1123.0,1404.0,2355.0,809.0,3091.0,596.0,1113.0,215.0,1653.0,1278.0,735.0,4.0,0.0,1.0,3.0
pep3_swap_jumps_KR_K,12.0,23.0,0.0,469.0,288.0,690.0,462.0,702.0,182.0,54.0,402.0,73.0,144.0,0.0,0.0,1.0
pep3_swap_jumps_KR_L,1432.0,512.0,2188.0,790.0,705.0,2448.0,282.0,1508.0,181.0,848.0,457.0,43.0,1.0,104.0,1.0,0.0
pep3_swap_jumps_KR_M,760.0,220.0,1841.0,290.0,1.0,299.0,44.0,61.0,16.0,0.0,1.0,201.0,728.0,0.0,1.0,0.0
pep3_swap_jumps_KR_N,355.0,129.0,1499.0,717.0,412.0,554.0,157.0,464.0,208.0,669.0,0.0,95.0,1.0,17.0,0.0,1.0
pep3_swap_jumps_KR_P,622.0,240.0,724.0,606.0,128.0,272.0,1.0,387.0,31.0,95.0,0.0,0.0,0.0,0.0,0.0,0.0
pep3_swap_jumps_KR_Q,111.0,14.0,198.0,1318.0,51.0,185.0,0.0,440.0,223.0,366.0,422.0,0.0,0.0,766.0,0.0,0.0
pep3_swap_jumps_KR_R,775.0,121.0,963.0,891.0,248.0,301.0,358.0,490.0,1076.0,774.0,200.0,0.0,127.0,1.0,0.0,0.0
pep3_swap_jumps_KR_S,712.0,546.0,552.0,307.0,226.0,323.0,25.0,39.0,0.0,439.0,1.0,201.0,0.0,215.0,1.0,1.0
pep3_swap_jumps_KR_T,495.0,345.0,823.0,181.0,491.0,81.0,45.0,143.0,0.0,660.0,0.0,1.0,2.0,0.0,1.0,1.0
pep3_swap_jumps_KR_V,163.0,352.0,282.0,612.0,150.0,573.0,96.0,1214.0,1.0,2529.0,467.0,688.0,484.0,457.0,5.0,3.0
pep3_swap_jumps_KR_Y,506.0,228.0,890.0,208.0,16.0,221.0,0.0,214.0,0.0,0.0,650.0,175.0,771.0,545.0,0.0,2.0
pep3_swap_jumps_LIVM_A,3392.0,595.0,4752.0,1482.0,452.0,2238.0,348.0,297.0,175.0,764.0,0.0,1.0,1.0,0.0,1.0,4.0
pep3_swap_jumps_LIVM_D,1206.0,1105.0,3165.0,1368.0,1457.0,1903.0,698.0,764.0,978.0,2014.0,679.0,353.0,1.0,1.0,1.0,4.0
pep3_swap_jumps_LIVM_E,3815.0,520.0,153.0,196.0,134.0,1.0,151.0,385.0,236.0,0.0,0.0,0.0,0.0,1.0,2.0,0.0
pep3_swap_jumps_LIVM_F,951.0,538.0,3755.0,1197.0,399.0,1684.0,630.0,39.0,1585.0,1695.0,1334.0,482.0,108.0,0.0,0.0,1.0
pep3_swap_jumps_LIVM_G,594.0,95.0,457.0,11.0,370.0,0.0,150.0,229.0,183.0,0.0,776.0,33.0,2482.0,1.0,0.0,1.0
pep3_swap_jumps_LIVM_I,587.0,333.0,828.0,238.0,37.0,408.0,21.0,403.0,4.0,0.0,0.0,62.0,1.0,0.0,1.0,1.0
pep3_swap_jumps_LIVM_K,1057.0,962.0,164.0,946.0,101.0,969.0,151.0,774.0,522.0,1188.0,1157.0,850.0,111.0,0.0,0.0,1.0
pep3_swap_jumps_LIVM_L,1310.0,609.0,2085.0,623.0,180.0,1014.0,246.0,689.0,321.0,1.0,58.0,398.0,1.0,1.0,7.0,2.0
pep3_swap_jumps_LIVM_M,319.0,231.0,355.0,77.0,114.0,13.0,34.0,272.0,0.0,238.0,0.0,112.0,0.0,0.0,0.0,0.0
pep3_swap_jumps_LIVM_N,1767.0,1026.0,2141.0,581.0,2.0,242.0,0.0,174.0,386.0,0.0,0.0,1.0,152.0,1.0,3.0,1.0
pep3_swap_jumps_LIVM_P,2778.0,303.0,2087.0,1310.0,341.0,2123.0,658.0,1079.0,615.0,2058.0,2.0,271.0,0.0,0.0,19.0,1.0
pep3_swap_jumps_LIVM_Q,206.0,23.0,0.0,13.0,2.0,0.0,309.0,699.0,0.0,570.0,257.0,0.0,0.0,0.0,0.0,0.0
pep3_swap_jumps_LIVM_R,1522.0,264.0,1.0,431.0,154.0,39.0,662.0,346.0,617.0,4.0,1213.0,944.0,14.0,1.0,1.0,0.0
pep3_swap_jumps_LIVM_S,2351.0,1468.0,5285.0,1351.0,146.0,1701.0,1370.0,1046.0,556.0,1861.0,857.0,249.0,65.0,0.0,1.0,1.0
pep3_swap_jumps_LIVM_T,474.0,508.0,4288.0,1661.0,1591.0,2867.0,47.0,1018.0,1303.0,745.0,846.0,577.0,84.0,0.0,1.0,2.0
pep3_swap_jumps_LIVM_V,1026.0,1656.0,2667.0,2022.0,511.0,2847.0,2466.0,2176.0,4262.0,3405.0,4609.0,1488.0,0.0,4040.0,0.0,5.0
pep3_swap_jumps_LIVM_Y,3441.0,685.0,4302.0,570.0,31.0,1181.0,913.0,1110.0,1002.0,940.0,279.0,179.0,0.0,1.0,0.0,2.0
pep3_swap_jumps_NQ_A,1738.0,1450.0,7556.0,4000.0,472.0,3942.0,684.0,2556.0,2034.0,2776.0,1975.0,753.0,0.0,2.0,1.0,2.0
pep3_swap_jumps_NQ_D,3042.0,130.0,1112.0,1964.0,654.0,1406.0,599.0,988.0,207.0,252.0,0.0,0.0,887.0,1.0,0.0,4.0
pep3_swap_jumps_NQ_E,2588.0,774.0,907.0,777.0,318.0,57.0,53.0,478.0,450.0,617.0,0.0,78.0,0.0,1.0,0.0,0.0
pep3_swap_jumps_NQ_F,1498.0,984.0,1063.0,1475.0,903.0,288.0,796.0,2091.0,258.0,449.0,650.0,1171.0,1.0,0.0,0.0,0.0
pep3_swap_jumps_NQ_G,1217.0,171.0,1091.0,862.0,729.0,768.0,446.0,1051.0,45.0,424.0,1.0,0.0,577.0,0.0,0.0,0.0
pep3_swap_jumps_NQ_I,1234.0,90.0,2984.0,865.0,913.0,1410.0,705.0,851.0,726.0,2399.0,1210.0,466.0,1653.0,779.0,1.0,84.0
pep3_swap_jumps_NQ_K,240.0,150.0,2121.0,779.0,203.0,0.0,573.0,316.0,269.0,748.0,28.0,18.0,1633.0,3.0,0.0,27.0
pep3_swap_jumps_NQ_L,897.0,0.0,1328.0,658.0,328.0,189.0,1299.0,1687.0,2631.0,2059.0,2897.0,1436.0,2352.0,2821.0,21.0,4.0
pep3_swap_jumps_NQ_M,997.0,349.0,1378.0,357.0,233.0,903.0,347.0,1585.0,777.0,1390.0,1656.0,1.0,896.0,37.0,1.0,0.0
pep3_swap_jumps_NQ_N,845.0,206.0,922.0,0.0,231.0,1571.0,1901.0,718.0,759.0,298.0,2718.0,766.0,2.0,161.0,0.0,39.0
pep3_swap_jumps_NQ_P,421.0,285.0,212.0,162.0,53.0,1104.0,7.0,400.0,395.0,1159.0,1.0,883.0,135.0,1.0,0.0,0.0
pep3_swap_jumps_NQ_Q,1044.0,106.0,2862.0,2262.0,538.0,1933.0,618.0,1079.0,520.0,1068.0,5.0,488.0,137.0,2.0,2.0,2.0
pep3_swap_jumps_NQ_R,503.0,112.0,1354.0,336.0,237.0,608.0,186.0,310.0,168.0,713.0,468.0,124.0,141.0,217.0,0.0,0.0
pep3_swap_jumps_NQ_S,980.0,375.0,1519.0,106.0,94.0,105.0,67.0,7.0,606.0,205.0,569.0,456.0,0.0,1.0,0.0,13.0
pep3_swap_jumps_NQ_T,1703.0,954.0,2083.0,1477.0,555.0,884.0,958.0,591.0,1818.0,314.0,1366.0,13.0,0.0,0.0,2.0,1.0
pep3_swap_jumps_NQ_V,1248.0,0.0,2039.0,2174.0,838.0,4116.0,1930.0,3704.0,5478.0,6076.0,5710.0,2965.0,2936.0,1837.0,1.0,93.0
pep3_swap_jumps_NQ_Y,506.0,518.0,3852.0,2349.0,1616.0,2266.0,787.0,2217.0,1462.0,636.0,488.0,1069.0,128.0,1.0,3477.0,0.0
pep3_swap_jumps_ST_A,320.0,650.0,4727.0,1281.0,611.0,2793.0,1422.0,2049.0,1082.0,1799.0,1951.0,620.0,967.0,447.0,0.0,2.0
pep3_swap_jumps_ST_D,1281.0,620.0,5187.0,2622.0,374.0,3156.0,797.0,1551.0,214.0,343.0,731.0,1.0,0.0,1.0,0.0,4.0
pep3_swap_jumps_ST_E,3165.0,148.0,2141.0,1261.0,0.0,485.0,115.0,347.0,1.0,174.0,209.0,74.0,1.0,1.0,0.0,1.0
pep3_swap_jumps_ST_F,583.0,777.0,798.0,682.0,1475.0,1339.0,1388.0,1377.0,2269.0,1710.0,0.0,1287.0,1.0,75.0,3.0,0.0
pep3_swap_jumps_ST_G,932.0,168.0,556.0,7.0,239.0,507.0,117.0,264.0,1059.0,306.0,727.0,0.0,0.0,1.0,0.0,2.0
pep3_swap_jumps_ST_I,637.0,399.0,1985.0,1484.0,201.0,477.0,0.0,268.0,485.0,0.0,0.0,1.0,0.0,0.0,1.0,1.0
pep3_swap_jumps_ST_K,1593.0,599.0,2146.0,659.0,59.0,651.0,40.0,71.0,1.0,0.0,0.0,360.0,0.0,1.0,0.0,1.0
pep3_swap_jumps_ST_L,1832.0,401.0,3084.0,830.0,1007.0,2029.0,1064.0,1105.0,476.0,1134.0,374.0,273.0,2.0,1.0,1.0,0.0
pep3_swap_jumps_ST_M,617.0,365.0,1163.0,505.0,330.0,1138.0,339.0,844.0,1562.0,909.0,2360.0,46.0,673.0,1.0,435.0,0.0
pep3_swap_jumps_ST_N,904.0,781.0,451.0,214.0,222.0,3163.0,335.0,439.0,804.0,454.0,854.0,695.0,757.0,340.0,2.0,2.0
pep3_swap_jumps_ST_P,1594.0,1033.0,3074.0,402.0,1007.0,902.0,686.0,987.0,1709.0,45.0,2.0,358.0,457.0,1.0,0.0,0.0
pep3_swap_jumps_ST_Q,282.0,97.0,2315.0,791.0,89.0,1140.0,331.0,699.0,172.0,363.0,119.0,0.0,0.0,0.0,0.0,0.0
pep3_swap_jumps_ST_R,1178.0,665.0,2847.0,1080.0,255.0,1756.0,1.0,209.0,86.0,325.0,196.0,177.0,0.0,0.0,0.0,0.0
pep3_swap_jumps_ST_S,1668.0,796.0,1970.0,863.0,1126.0,1385.0,805.0,1037.0,721.0,1907.0,1215.0,62.0,1.0,1.0,1.0,3.0
pep3_swap_jumps_ST_T,2674.0,1214.0,4119.0,561.0,252.0,448.0,325.0,491.0,48.0,2.0,0.0,0.0,0.0,0.0,0.0,0.0
pep3_swap_jumps_ST_V,684.0,1021.0,3108.0,1174.0,868.0,1907.0,898.0,1316.0,3724.0,2839.0,4361.0,3339.0,8588.0,9212.0,5592.0,26108.0
pep3_swap_jumps_ST_Y,416.0,42.0,883.0,196.0,240.0,533.0,1505.0,3507.0,7214.0,2834.0,7754.0,3366.0,6678.0,2108.0,1.0,2.0
pep3_swap_jumps_S_A,138.0,680.0,1039.0,1002.0,1088.0,2013.0,1241.0,2112.0,4081.0,3316.0,2549.0,3769.0,6830.0,5320.0,1.0,6940.0
pep3_swap_jumps_S_D,354.0,244.0,949.0,936.0,295.0,1009.0,454.0,602.0,353.0,375.0,168.0,216.0,102.0,90.0,0.0,2.0
pep3_swap_jumps_S_E,335.0,31.0,224.0,744.0,0.0,570.0,14.0,29.0,169.0,299.0,0.0,0.0,0.0,917.0,0.0,1.0
pep3_swap_jumps_S_F,369.0,137.0,3579.0,1420.0,772.0,1670.0,1521.0,1490.0,1394.0,669.0,1311.0,945.0,250.0,3.0,2.0,8398.0
pep3_swap_jumps_S_G,930.0,866.0,2702.0,2063.0,1468.0,2521.0,725.0,2396.0,2088.0,2924.0,3268.0,818.0,1.0,0.0,5.0,1.0
pep3_swap_jumps_S_I,1020.0,730.0,1123.0,812.0,1349.0,1238.0,1013.0,157.0,780.0,1037.0,1020.0,114.0,0.0,1.0,0.0,1.0
pep3_swap_jumps_S_K,1480.0,0.0,1205.0,551.0,455.0,480.0,21.0,404.0,27.0,563.0,1659.0,24.0,0.0,0.0,0.0,3.0
pep3_swap_jumps_S_L,1281.0,964.0,3814.0,1630.0,1360.0,1099.0,1150.0,779.0,1213.0,1614.0,1163.0,115.0,1.0,1.0,0.0,15.0
pep3_swap_jumps_S_M,876.0,99.0,649.0,198.0,700.0,1988.0,1109.0,1508.0,1305.0,1226.0,1849.0,422.0,2002.0,446.0,3.0,1499.0
pep3_swap_jumps_S_N,41.0,322.0,627.0,204.0,1104.0,652.0,223.0,284.0,266.0,570.0,423.0,393.0,567.0,1.0,2.0,37.0
pep3_swap_jumps_S_P,2711.0,405.0,2845.0,1170.0,605.0,1441.0,660.0,1218.0,567.0,1849.0,1093.0,210.0,2081.0,0.0,2.0,3.0
pep3_swap_jumps_S_Q,27.0,34.0,2724.0,786.0,158.0,571.0,321.0,512.0,467.0,395.0,2.0,5.0,0.0,2.0,1.0,15538.0
pep3_swap_jumps_S_R,609.0,1.0,3403.0,1095.0,293.0,837.0,422.0,464.0,1201.0,1241.0,1935.0,1.0,0.0,0.0,3.0,1.0
pep3_swap_jumps_S_T,971.0,402.0,1096.0,1548.0,606.0,909.0,333.0,411.0,1753.0,1800.0,2042.0,638.0,2498.0,0.0,0.0,3.0
pep3_swap_jumps_S_V,246.0,120.0,1.0,2.0,169.0,1859.0,1216.0,3121.0,2988.0,4900.0,1824.0,3885.0,17473.0,6647.0,12637.0,11.0
pep3_swap_jumps_S_Y,15.0,0.0,1781.0,303.0,303.0,117.0,177.0,2312.0,5698.0,3350.0,5017.0,3184.0,4309.0,6770.0,15246.0,17587.0
pep3_swap_left_ED_A,334.0,323.0,1730.0,610.0,32.0,1859.0,841.0,976.0,407.0,2340.0,1008.0,320.0,0.0,0.0,0.0,0.0
pep3_swap_left_ED_D,558.0,997.0,915.0,305.0,349.0,309.0,69.0,120.0,294.0,727.0,0.0,610.0,0.0,0.0,0.0,500.0
pep3_swap_left_ED_E,145.0,284.0,441.0,486.0,1.0,304.0,380.0,1051.0,56.0,872.0,360.0,0.0,1.0,129.0,0.0,0.0
pep3_swap_left_ED_F,905.0,504.0,1744.0,134.0,851.0,1934.0,145.0,1002.0,538.0,1734.0,0.0,9.0,2783.0,0.0,87.0,4.0
pep3_swap_left_ED_G,94.0,95.0,332.0,0.0,1.0,1029.0,752.0,391.0,0.0,10.0,1.0,129.0,1.0,0.0,666.0,0.0
pep3_swap_left_ED_I,2898.0,6.0,1159.0,446.0,712.0,366.0,159.0,560.0,283.0,213.0,321.0,0.0,213.0,249.0,0.0,0.0
pep3_swap_left_ED_K,776.0,168.0,827.0,409.0,283.0,186.0,163.0,4.0,135.0,361.0,136.0,0.0,0.0,1902.0,0.0,0.0
pep3_swap_left_ED_L,271.0,372.0,1043.0,654.0,403.0,858.0,1003.0,850.0,1463.0,778.0,2798.0,736.0,1328.0,37.0,0.0,0.0
pep3_swap_left_ED_M,1230.0,423.0,1138.0,505.0,171.0,1015.0,45.0,547.0,296.0,1410.0,490.0,291.0,0.0,1.0,0.0,5360.0
pep3_swap_left_ED_N,546.0,355.0,497.0,347.0,166.0,99.0,236.0,285.0,153.0,72.0,0.0,2.0,2775.0,1.0,0.0,0.0
pep3_swap_left_ED_P,190.0,65.0,787.0,476.0,243.0,72.0,645.0,484.0,0.0,24.0,0.0,55.0,0.0,0.0,1080.0,0.0
pep3_swap_left_ED_Q,545.0,432.0,437.0,189.0,410.0,294.0,324.0,280.0,379.0,276.0,447.0,114.0,0.0,0.0,1.0,0.0
pep3_swap_left_ED_R,7.0,108.0,59.0,41.0,85.0,693.0,368.0,398.0,1507.0,254.0,177.0,26.0,999.0,0.0,0.0,0.0
pep3_swap_left_ED_S,48.0,228.0,284.0,0.0,63.0,987.0,30.0,116.0,360.0,179.0,602.0,0.0,0.0,1550.0,1.0,0.0
pep3_swap_left_ED_T,694.0,319.0,1206.0,418.0,109.0,276.0,80.0,233.0,0.0,1412.0,106.0,0.0,335.0,230.0,1.0,2.0
pep3_swap_left_ED_V,427.0,439.0,159.0,285.0,36.0,196.0,60.0,16.0,112.0,167.0,201.0,0.0,0.0,0.0,0.0,1.0
pep3_swap_left_ED_Y,260.0,297.0,548.0,867.0,240.0,852.0,91.0,1735.0,949.0,919.0,2.0,217.0,2.0,1.0,4.0,0.0
pep3_swap_left_FYW_A,833.0,92.0,148.0,55.0,38.0,152.0,420.0,572.0,314.0,17.0,2.0,45.0,1.0,188.0,0.0,1.0
pep3_swap_left_FYW_D,2764.0,971.0,2248.0,371.0,278.0,1100.0,110.0,1302.0,465.0,471.0,363.0,175.0,1.0,208.0,0.0,3.0
pep3_swap_left_FYW_E,1146.0,135.0,896.0,611.0,0.0,0.0,0.0,336.0,341.0,311.0,937.0,184.0,0.0,1.0,0.0,1590.0
pep3_swap_left_FYW_F,94.0,44.0,296.0,1.0,254.0,0.0,0.0,49.0,0.0,254.0,1222.0,53.0,150.0,1.0,219.0,0.0
pep3_swap_left_FYW_G,1618.0,314.0,401.0,340.0,80.0,295.0,330.0,621.0,0.0,372.0,81.0,19.0,331.0,0.0,0.0,1.0
pep3_swap_left_FYW_I,265.0,194.0,717.0,146.0,0.0,524.0,180.0,1091.0,182.0,0.0,0.0,1.0,222.0,30.0,0.0,0.0
pep3_swap_left_FYW_K,728.0,523.0,382.0,237.0,0.0,1010.0,0.0,1017.0,109.0,211.0,395.0,3.0,574.0,170.0,0.0,328.0
pep3_swap_left_FYW_L,124.0,0.0,435.0,384.0,0.0,1.0,0.0,444.0,190.0,1386.0,1234.0,749.0,0.0,172.0,6.0,2158.0
pep3_swap_left_FYW_M,28.0,103.0,68.0,0.0,1019.0,492.0,329.0,213.0,429.0,503.0,912.0,1302.0,2260.0,0.0,1.0,1.0
pep3_swap_left_FYW_N,85.0,205.0,554.0,748.0,0.0,105.0,45.0,227.0,1060.0,821.0,1011.0,857.0,600.0,0.0,0.0,0.0
pep3_swap_left_FYW_P,1427.0,130.0,119.0,0.0,120.0,0.0,192.0,213.0,333.0,273.0,202.0,2.0,601.0,0.0,1.0,1.0
pep3_swap_left_FYW_Q,909.0,369.0,991.0,84.0,137.0,0.0,129.0,287.0,1.0,467.0,1.0,425.0,0.0,0.0,0.0,0.0
pep3_swap_left_FYW_R,1716.0,863.0,1654.0,882.0,110.0,1437.0,506.0,1140.0,1281.0,569.0,2467.0,539.0,1.0,1.0,1.0,5.0
pep3_swap_left_FYW_S,0.0,19.0,1071.0,127.0,1.0,133.0,495.0,658.0,2136.0,2070.0,153.0,2.0,1.0,135.0,0.0,308.0
pep3_swap_left_FYW_T,562.0,548.0,2005.0,406.0,537.0,712.0,182.0,2045.0,515.0,916.0,1154.0,366.0,0.0,436.0,1.0,2.0
pep3_swap_left_FYW_V,692.0,137.0,115.0,126.0,81.0,12.0,186.0,728.0,280.0,427.0,218.0,225.0,599.0,0.0,0.0,1.0
pep3_swap_left_FYW_Y,21.0,9.0,0.0,301.0,14.0,687.0,707.0,55.0,55.0,354.0,160.0,69.0,0.0,958.0,11.0,0.0
pep3_swap_left_GP_A,0.0,69.0,187.0,1.0,261.0,1349.0,0.0,1101.0,51.0,64.0,279.0,450.0,1.0,0.0,0.0,1.0
pep3_swap_left_GP_D,2242.0,950.0,2220.0,1973.0,1399.0,2766.0,1099.0,1019.0,656.0,938.0,103.0,3.0,0.0,0.0,2.0,3.0
pep3_swap_left_GP_E,2881.0,1330.0,2920.0,2274.0,396.0,3479.0,341.0,916.0,1469.0,916.0,328.0,3.0,0.0,0.0,0.0,0.0
pep3_swap_left_GP_F,355.0,294.0,1406.0,104.0,161.0,31.0,693.0,805.0,753.0,604.0,443.0,0.0,0.0,441.0,0.0,1.0
pep3_swap_left_GP_G,30.0,4.0,1.0,405.0,1.0,251.0,53.0,161.0,0.0,62.0,32.0,0.0,23.0,0.0,71.0,0.0
pep3_swap_left_GP_I,4962.0,215.0,4921.0,2024.0,1205.0,1236.0,1194.0,798.0,1827.0,445.0,756.0,1073.0,3.0,2.0,2.0,3.0
pep3_swap_left_GP_K,1075.0,83.0,2058.0,1457.0,735.0,3167.0,623.0,2073.0,488.0,504.0,336.0,1079.0,961.0,0.0,3.0,1.0
pep3_swap_left_GP_L,2844.0,544.0,1016.0,1233.0,544.0,1127.0,995.0,927.0,1332.0,1354.0,944.0,392.0,1.0,0.0,16.0,1.0
pep3_swap_left_GP_M,101.0,244.0,1030.0,104.0,96.0,605.0,321.0,1140.0,22.0,680.0,21.0,0.0,331.0,0.0,2.0,0.0
pep3_swap_left_GP_N,3091.0,755.0,4914.0,2250.0,1525.0,1274.0,358.0,2049.0,1803.0,705.0,250.0,43.0,346.0,0.0,2.0,2.0
pep3_swap_left_GP_P,143.0,59.0,233.0,1574.0,10.0,4.0,130.0,707.0,388.0,0.0,1324.0,1.0,133.0,277.0,0.0,551.0
pep3_swap_left_GP_Q,3242.0,480.0,5609.0,2272.0,399.0,1096.0,79.0,1773.0,973.0,1123.0,1818.0,235.0,0.0,0.0,1.0,3.0
pep3_swap_left_GP_R,2958.0,913.0,2572.0,1919.0,385.0,3047.0,709.0,1861.0,425.0,329.0,743.0,38.0,1.0,190.0,1.0,1.0
pep3_swap_left_GP_S,507.0,336.0,262.0,17.0,562.0,789.0,405.0,1097.0,557.0,2.0,1657.0,306.0,773.0,1204.0,0.0,0.0
pep3_swap_left_GP_T,708.0,307.0,1854.0,663.0,345.0,868.0,183.0,27.0,376.0,152.0,71.0,141.0,8.0,0.0,1.0,0.0
pep3_swap_left_GP_V,162.0,404.0,2251.0,505.0,245.0,1057.0,1372.0,2291.0,2048.0,1564.0,603.0,39.0,1.0,0.0,0.0,1.0
pep3_swap_left_GP_Y,414.0,287.0,642.0,186.0,708.0,331.0,145.0,312.0,1125.0,1890.0,3205.0,127.0,0.0,12.0,2.0,6.0
pep3_swap_left_KR_A,620.0,203.0,1187.0,435.0,0.0,1.0,1.0,481.0,236.0,0.0,2109.0,0.0,0.0,0.0,1.0,5.0
pep3_swap_left_KR_D,395.0,35.0,505.0,157.0,0.0,974.0,163.0,123.0,296.0,0.0,1685.0,274.0,0.0,895.0,0.0,26.0
pep3_swap_left_KR_E,0.0,166.0,115.0,0.0,0.0,151.0,0.0,237.0,246.0,220.0,198.0,0.0,0.0,162.0,0.0,0.0
pep3_swap_left_KR_F,97.0,149.0,603.0,756.0,0.0,26.0,49.0,731.0,165.0,1.0,0.0,149.0,28.0,0.0,0.0,1.0
pep3_swap_left_KR_G,449.0,402.0,268.0,114.0,86.0,86.0,46.0,68.0,69.0,2.0,0.0,0.0,52.0,0.0,1.0,83.0
pep3_swap_left_KR_I,1027.0,817.0,3471.0,313.0,890.0,1382.0,216.0,473.0,1107.0,558.0,979.0,139.0,0.0,241.0,1.0,138.0
pep3_swap_left_KR_K,398.0,30.0,94.0,148.0,60.0,599.0,72.0,103.0,367.0,227.0,62.0,113.0,497.0,0.0,0.0,0.0
pep3_swap_left_KR_L,1672.0,625.0,2013.0,1104.0,846.0,686.0,1647.0,891.0,1618.0,1245.0,1089.0,785.0,1.0,0.0,2.0,2.0
pep3_swap_left_KR_M,293.0,53.0,394.0,522.0,0.0,93.0,0.0,491.0,0.0,1137.0,1.0,21.0,0.0,0.0,0.0,0.0
pep3_swap_left_KR_N,291.0,185.0,383.0,215.0,0.0,295.0,0.0,117.0,524.0,197.0,922.0,15.0,939.0,0.0,0.0,0.0
pep3_swap_left_KR_P,568.0,178.0,643.0,484.0,0.0,236.0,133.0,193.0,683.0,301.0,331.0,175.0,1177.0,114.0,2.0,0.0
pep3_swap_left_KR_Q,58.0,203.0,2123.0,371.0,2.0,1174.0,180.0,664.0,708.0,1118.0,0.0,991.0,83.0,0.0,2.0,0.0
pep3_swap_left_KR_R,377.0,44.0,330.0,0.0,0.0,21.0,0.0,241.0,166.0,141.0,847.0,0.0,356.0,109.0,1.0,95.0
pep3_swap_left_KR_S,1883.0,199.0,1730.0,1060.0,305.0,1069.0,230.0,930.0,165.0,131.0,796.0,21.0,0.0,4.0,0.0,0.0
pep3_swap_left_KR_T,96.0,59.0,221.0,534.0,2.0,418.0,0.0,185.0,620.0,87.0,365.0,404.0,382.0,0.0,0.0,2.0
pep3_swap_left_KR_V,793.0,155.0,687.0,64.0,1210.0,578.0,236.0,1005.0,180.0,406.0,341.0,455.0,382.0,908.0,0.0,3.0
pep3_swap_left_KR_Y,225.0,482.0,181.0,130.0,232.0,0.0,0.0,312.0,1.0,205.0,0.0,0.0,186.0,2.0,2.0,72.0
pep3_swap_left_LIVM_A,2201.0,429.0,1206.0,1157.0,692.0,524.0,558.0,728.0,576.0,1174.0,2.0,438.0,526.0,1408.0,0.0,3.0
pep3_swap_left_LIVM_D,1881.0,1289.0,4101.0,1898.0,328.0,2968.0,1264.0,145.0,9.0,684.0,444.0,4.0,2789.0,0.0,3193.0,3.0
pep3_swap_left_LIVM_E,507.0,543.0,1317.0,344.0,0.0,610.0,0.0,1061.0,0.0,160.0,366.0,1.0,0.0,29.0,0.0,0.0
pep3_swap_left_LIVM_F,504.0,334.0,1261.0,583.0,437.0,1015.0,761.0,1625.0,498.0,2805.0,42.0,978.0,2.0,0.0,1.0,2.0
pep3_swap_left_LIVM_G,224.0,224.0,3987.0,1489.0,116.0,1990.0,1211.0,156.0,1608.0,681.0,1.0,1511.0,1.0,68.0,4.0,5.0
pep3_swap_left_LIVM_I,675.0,109.0,168.0,325.0,261.0,0.0,67.0,1718.0,0.0,881.0,291.0,0.0,0.0,217.0,0.0,1.0
pep3_swap_left_LIVM_K,310.0,532.0,825.0,475.0,0.0,1234.0,0.0,484.0,597.0,85.0,0.0,0.0,0.0,105.0,0.0,0.0
pep3_swap_left_LIVM_L,132.0,883.0,239.0,25.0,0.0,53.0,1.0,844.0,1002.0,797.0,1356.0,264.0,0.0,0.0,0.0,0.0
pep3_swap_left_LIVM_M,1223.0,121.0,41.0,0.0,174.0,1360.0,77.0,704.0,0.0,484.0,13.0,73.0,0.0,0.0,0.0,2.0
pep3_swap_left_LIVM_N,318.0,132.0,141.0,77.0,0.0,88.0,333.0,228.0,174.0,1000.0,1.0,0.0,0.0,1616.0,0.0,0.0
pep3_swap_left_LIVM_P,1179.0,180.0,1254.0,981.0,484.0,2337.0,727.0,464.0,1208.0,1079.0,536.0,91.0,1270.0,134.0,0.0,1.0
pep3_swap_left_LIVM_Q,573.0,702.0,794.0,279.0,1.0,0.0,320.0,119.0,458.0,417.0,1652.0,205.0,1.0,0.0,1.0,0.0
pep3_swap_left_LIVM_R,336.0,178.0,3156.0,119.0,208.0,854.0,911.0,653.0,881.0,697.0,967.0,164.0,1856.0,1762.0,1.0,3.0
pep3_swap_left_LIVM_S,2635.0,399.0,2681.0,1676.0,215.0,1473.0,832.0,2253.0,814.0,1410.0,2447.0,654.0,2.0,2.0,1.0,3.0
pep3_swap_left_LIVM_T,1183.0,197.0,593.0,1653.0,103.0,1111.0,1003.0,1065.0,494.0,1875.0,0.0,257.0,0.0,88.0,1.0,1.0
pep3_swap_left_LIVM_V,1190.0,225.0,2772.0,1561.0,607.0,1182.0,144.0,1118.0,383.0,627.0,1.0,280.0,4227.0,3.0,8806.0,3.0
pep3_swap_left_LIVM_Y,119.0,393.0,470.0,285.0,84.0,1649.0,473.0,769.0,704.0,1206.0,386.0,469.0,1.0,0.0,1.0,3.0
pep3_swap_left_NQ_A,222.0,4.0,456.0,606.0,89.0,285.0,258.0,2175.0,1992.0,9159.0,4111.0,2304.0,14902.0,2936.0,14.0,18662.0
pep3_swap_left_NQ_D,292.0,770.0,781.0,784.0,439.0,1332.0,320.0,615.0,238.0,0.0,261.0,0.0,0.0,1.0,1.0,3.0
pep3_swap_left_NQ_E,3188.0,447.0,1966.0,376.0,686.0,146.0,128.0,46.0,190.0,771.0,9.0,92.0,869.0,0.0,1.0,66.0
pep3_swap_left_NQ_F,1359.0,1.0,3376.0,338.0,1177.0,2576.0,767.0,2321.0,2237.0,2206.0,3431.0,1947.0,1.0,1997.0,4.0,3.0
pep3_swap_left_NQ_G,757.0,0.0,1366.0,1293.0,502.0,1554.0,361.0,1387.0,1892.0,384.0,197.0,493.0,0.0,0.0,0.0,5.0
pep3_swap_left_NQ_I,521.0,1239.0,3049.0,1045.0,641.0,2030.0,1087.0,1317.0,523.0,1450.0,9.0,87.0,827.0,105.0,218.0,1.0
pep3_swap_left_NQ_K,228.0,410.0,370.0,274.0,694.0,1711.0,1338.0,793.0,1141.0,1916.0,575.0,425.0,0.0,1665.0,4.0,1.0
pep3_swap_left_NQ_L,3205.0,406.0,4987.0,1658.0,1088.0,2747.0,1500.0,1747.0,4747.0,635.0,2910.0,775.0,139.0,89.0,1.0,1.0
pep3_swap_left_NQ_M,258.0,150.0,581.0,633.0,289.0,416.0,2372.0,3237.0,8264.0,10371.0,19777.0,7235.0,14001.0,8563.0,10379.0,9.0
pep3_swap_left_NQ_N,840.0,444.0,2312.0,1774.0,601.0,1159.0,249.0,1605.0,281.0,1108.0,645.0,68.0,0.0,4.0,2.0,6836.0
pep3_swap_left_NQ_P,988.0,864.0,455.0,907.0,74.0,232.0,86.0,589.0,1800.0,545.0,164.0,216.0,214.0,34.0,0.0,0.0
pep3_swap_left_NQ_Q,1640.0,938.0,3789.0,1784.0,95.0,2121.0,250.0,1167.0,1716.0,417.0,236.0,1.0,1.0,0.0,2.0,1.0
pep3_swap_left_NQ_R,395.0,297.0,1036.0,268.0,23.0,414.0,246.0,29.0,170.0,336.0,978.0,391.0,0.0,0.0,1.0,0.0
pep3_swap_left_NQ_S,2703.0,188.0,2313.0,614.0,231.0,773.0,866.0,880.0,662.0,1086.0,615.0,135.0,0.0,0.0,11.0,2.0
pep3_swap_left_NQ_T,392.0,201.0,2031.0,394.0,0.0,218.0,172.0,225.0,34.0,0.0,1346.0,1118.0,1.0,0.0,0.0,0.0
pep3_swap_left_NQ_V,37.0,3.0,46.0,60.0,2.0,1221.0,1474.0,2163.0,2490.0,3651.0,5872.0,2007.0,12757.0,1058.0,6290.0,12465.0
pep3_swap_left_NQ_Y,3805.0,492.0,4156.0,1454.0,660.0,4011.0,2182.0,2252.0,1327.0,1321.0,2056.0,1115.0,3672.0,62.0,6.0,7239.0
pep3_swap_left_ST_A,505.0,128.0,754.0,944.0,595.0,2303.0,422.0,616.0,532.0,1698.0,1035.0,573.0,5335.0,1.0,169.0,51.0
pep3_swap_left_ST_D,268.0,266.0,1558.0,2029.0,1405.0,889.0,177.0,3048.0,3321.0,2897.0,1612.0,701.0,1869.0,536.0,1848.0,6489.0
pep3_swap_left_ST_E,496.0,19.0,3733.0,1355.0,500.0,3662.0,1555.0,965.0,695.0,675.0,1212.0,261.0,1292.0,801.0,9.0,0.0
pep3_swap_left_ST_F,605.0,1060.0,4164.0,2783.0,1804.0,1740.0,1284.0,1188.0,2210.0,583.0,4.0,337.0,1.0,0.0,0.0,210.0
pep3_swap_left_ST_G,831.0,423.0,1060.0,78.0,188.0,1107.0,0.0,1089.0,2.0,379.0,346.0,505.0,2140.0,222.0,1.0,2.0
pep3_swap_left_ST_I,158.0,0.0,1426.0,470.0,179.0,24.0,286.0,695.0,483.0,328.0,0.0,340.0,0.0,1.0,0.0,542.0
pep3_swap_left_ST_K,623.0,1056.0,698.0,18.0,39.0,610.0,493.0,631.0,1313.0,491.0,291.0,243.0,151.0,0.0,4.0,0.0
pep3_swap_left_ST_L,3970.0,1053.0,4261.0,1476.0,1146.0,3058.0,1463.0,1697.0,1849.0,702.0,941.0,481.0,2.0,199.0,2.0,3.0
pep3_swap_left_ST_M,802.0,470.0,168.0,271.0,72.0,801.0,7.0,116.0,413.0,1805.0,0.0,193.0,1251.0,1965.0,0.0,6245.0
pep3_swap_left_ST_N,265.0,88.0,1347.0,206.0,312.0,1138.0,139.0,1369.0,1198.0,1276.0,1931.0,51.0,668.0,4.0,0.0,4729.0
pep3_swap_left_ST_P,1221.0,720.0,1535.0,1231.0,1439.0,2523.0,505.0,1583.0,1514.0,2207.0,641.0,142.0,1601.0,0.0,2.0,2.0
pep3_swap_left_ST_Q,708.0,120.0,984.0,457.0,650.0,577.0,661.0,1444.0,1665.0,572.0,1.0,342.0,0.0,0.0,0.0,109.0
pep3_swap_left_ST_R,858.0,554.0,1716.0,659.0,628.0,588.0,545.0,122.0,90.0,1660.0,1736.0,862.0,4184.0,853.0,2637.0,2.0
pep3_swap_left_ST_S,40.0,581.0,132.0,1925.0,1122.0,1209.0,1815.0,512.0,928.0,508.0,2525.0,821.0,0.0,0.0,0.0,0.0
pep3_swap_left_ST_T,1867.0,1005.0,2454.0,1593.0,1004.0,1610.0,657.0,1953.0,993.0,887.0,56.0,141.0,87.0,1.0,0.0,4.0
pep3_swap_left_ST_V,565.0,91.0,747.0,800.0,658.0,1834.0,681.0,1762.0,8498.0,4296.0,7495.0,3411.0,13079.0,10086.0,14.0,6330.0
pep3_swap_left_ST_Y,757.0,37.0,1564.0,269.0,416.0,2145.0,1236.0,1071.0,2116.0,2054.0,4118.0,1204.0,1305.0,1574.0,2083.0,151.0
pep3_swap_left_S_A,2086.0,1416.0,1887.0,1465.0,235.0,3643.0,1077.0,2489.0,2507.0,2146.0,187.0,51.0,0.0,0.0,1.0,2.0
pep3_swap_left_S_D,1016.0,406.0,2056.0,2138.0,343.0,2284.0,677.0,398.0,331.0,1381.0,329.0,356.0,2306.0,1471.0,35.0,0.0
pep3_swap_left_S_E,311.0,751.0,1391.0,1440.0,1022.0,1411.0,693.0,2408.0,1602.0,1700.0,2554.0,1297.0,1243.0,2.0,0.0,94.0
pep3_swap_left_S_F,2090.0,421.0,6281.0,1127.0,405.0,2678.0,729.0,1020.0,864.0,362.0,1510.0,621.0,1810.0,719.0,0.0,2.0
pep3_swap_left_S_G,3004.0,469.0,970.0,981.0,462.0,408.0,266.0,766.0,615.0,1432.0,164.0,274.0,0.0,0.0,0.0,1053.0
pep3_swap_left_S_I,399.0,626.0,1753.0,1389.0,966.0,437.0,505.0,126.0,1101.0,38.0,2.0,3.0,339.0,2.0,0.0,0.0
pep3_swap_left_S_K,1089.0,147.0,32.0,272.0,231.0,813.0,536.0,94.0,240.0,1008.0,956.0,73.0,1.0,0.0,0.0,0.0
pep3_swap_left_S_L,1567.0,1110.0,2488.0,1123.0,350.0,3525.0,924.0,2053.0,34.0,298.0,1131.0,406.0,703.0,561.0,0.0,3.0
pep3_swap_left_S_M,72.0,190.0,302.0,483.0,398.0,607.0,549.0,413.0,280.0,1632.0,436.0,1074.0,0.0,591.0,0.0,703.0
pep3_swap_left_S_N,152.0,244.0,1245.0,762.0,118.0,15.0,329.0,616.0,851.0,901.0,214.0,0.0,2.0,1.0,0.0,2.0
pep3_swap_left_S_P,1148.0,237.0,3174.0,823.0,709.0,1582.0,772.0,880.0,1751.0,2977.0,1351.0,492.0,2.0,4.0,0.0,0.0
pep3_swap_left_S_Q,310.0,135.0,1230.0,571.0,83.0,1004.0,353.0,551.0,279.0,768.0,500.0,84.0,1342.0,0.0,0.0,0.0
pep3_swap_left_S_R,1400.0,433.0,1972.0,1977.0,322.0,897.0,559.0,573.0,681.0,1530.0,216.0,817.0,1.0,0.0,0.0,4.0
pep3_swap_left_S_T,894.0,1493.0,5699.0,3035.0,1395.0,2208.0,296.0,924.0,1558.0,3526.0,2634.0,664.0,632.0,1.0,1.0,5.0
pep3_swap_left_S_V,199.0,125.0,1336.0,824.0,151.0,204.0,339.0,1177.0,2759.0,8459.0,20390.0,3993.0,19466.0,21357.0,19862.0,21055.0
pep3_swap_left_S_Y,3297.0,1092.0,3548.0,2037.0,784.0,2846.0,1306.0,1662.0,1020.0,1251.0,1475.0,46.0,2.0,0.0,2.0,1.0
pep3_swap_right_ED_A,26.0,212.0,643.0,1085.0,188.0,973.0,1847.0,508.0,1129.0,1497.0,2151.0,254.0,1.0,0.0,1.0,3.0
pep3_swap_right_ED_D,1327.0,510.0,1938.0,350.0,216.0,1722.0,407.0,378.0,667.0,466.0,2.0,79.0,0.0,0.0,1.0,3.0
pep3_swap_right_ED_E,201.0,221.0,847.0,1.0,396.0,481.0,167.0,1404.0,443.0,231.0,735.0,533.0,4.0,254.0,0.0,0.0
pep3_swap_right_ED_F,495.0,982.0,2225.0,391.0,212.0,631.0,572.0,1134.0,1914.0,762.0,654.0,292.0,545.0,736.0,7494.0,1.0
pep3_swap_right_ED_G,0.0,0.0,589.0,32.0,293.0,132.0,858.0,816.0,425.0,1705.0,342.0,83.0,45.0,227.0,1.0,0.0
pep3_swap_right_ED_I,580.0,336.0,3.0,226.0,82.0,861.0,253.0,657.0,1121.0,563.0,5444.0,986.0,7783.0,1588.0,4377.0,7401.0
pep3_swap_right_ED_K,51.0,268.0,539.0,893.0,740.0,0.0,114.0,610.0,165.0,571.0,32.0,76.0,103.0,0.0,3.0,0.0
pep3_swap_right_ED_L,811.0,238.0,982.0,232.0,168.0,1890.0,1055.0,832.0,1941.0,1822.0,3201.0,500.0,0.0,718.0,23.0,19506.0
pep3_swap_right_ED_M,1136.0,189.0,806.0,245.0,177.0,1805.0,385.0,796.0,512.0,395.0,247.0,461.0,696.0,2744.0,0.0,85.0
pep3_swap_right_ED_N,626.0,18.0,618.0,303.0,48.0,545.0,161.0,441.0,175.0,14.0,0.0,425.0,0.0,4740.0,2.0,1.0
pep3_swap_right_ED_P,2.0,113.0,317.0,0.0,697.0,145.0,0.0,688.0,1612.0,712.0,1.0,199.0,1236.0,1131.0,346.0,0.0
pep3_swap_right_ED_Q,1033.0,115.0,606.0,290.0,120.0,115.0,427.0,59.0,0.0,103.0,224.0,0.0,0.0,1.0,0.0,0.0
pep3_swap_right_ED_R,439.0,42.0,3503.0,188.0,351.0,740.0,0.0,2110.0,339.0,110.0,205.0,0.0,146.0,32.0,1936.0,2.0
pep3_swap_right_ED_S,826.0,134.0,354.0,981.0,425.0,678.0,184.0,318.0,0.0,442.0,1765.0,273.0,0.0,0.0,0.0,9.0
pep3_swap_right_ED_T,697.0,105.0,847.0,1205.0,16.0,1404.0,453.0,689.0,1169.0,704.0,342.0,278.0,0.0,0.0,0.0,253.0
pep3_swap_right_ED_V,1.0,253.0,556.0,137.0,404.0,1542.0,515.0,694.0,2840.0,3316.0,4414.0,1438.0,2112.0,2449.0,2607.0,3.0
pep3_swap_right_ED_Y,379.0,93.0,2274.0,634.0,113.0,774.0,588.0,1164.0,1402.0,115.0,528.0,299.0,9953.0,73.0,7296.0,3.0
pep3_swap_right_FYW_A,468.0,436.0,48.0,71.0,15.0,50.0,68.0,823.0,1.0,1380.0,0.0,0.0,1.0,0.0,3.0,0.0
pep3_swap_right_FYW_D,1415.0,702.0,332.0,118.0,23.0,414.0,164.0,1.0,614.0,397.0,0.0,61.0,1.0,170.0,2.0,2.0
pep3_swap_right_FYW_E,2526.0,242.0,3494.0,724.0,275.0,1008.0,294.0,351.0,13.0,1.0,1.0,1.0,0.0,1.0,1.0,1.0
pep3_swap_right_FYW_F,364.0,0.0,1269.0,95.0,0.0,77.0,0.0,584.0,793.0,391.0,2.0,253.0,0.0,0.0,29.0,0.0
pep3_swap_right_FYW_G,794.0,120.0,34.0,10.0,0.0,5.0,1.0,68.0,2.0,377.0,450.0,250.0,1.0,0.0,0.0,0.0
pep3_swap_right_FYW_I,364.0,39.0,439.0,807.0,89.0,467.0,278.0,450.0,448.0,368.0,1756.0,159.0,250.0,134.0,27.0,0.0
pep3_swap_right_FYW_K,1080.0,294.0,1507.0,313.0,0.0,858.0,368.0,275.0,1228.0,253.0,631.0,154.0,1.0,0.0,9.0,0.0
pep3_swap_right_FYW_L,1578.0,402.0,1701.0,199.0,5.0,101.0,110.0,431.0,69.0,130.0,0.0,40.0,0.0,0.0,0.0,0.0
pep3_swap_right_FYW_M,174.0,289.0,0.0,75.0,596.0,1.0,76.0,1219.0,20.0,246.0,116.0,375.0,642.0,36.0,0.0,1.0
pep3_swap_right_FYW_N,346.0,74.0,631.0,186.0,68.0,0.0,187.0,210.0,164.0,1.0,650.0,1348.0,0.0,58.0,0.0,0.0
pep3_swap_right_FYW_P,0.0,119.0,233.0,72.0,0.0,448.0,129.0,1022.0,521.0,228.0,325.0,50.0,0.0,0.0,0.0,0.0
pep3_swap_right_FYW_Q,930.0,557.0,1229.0,309.0,0.0,921.0,154.0,11.0,369.0,160.0,1.0,229.0,2.0,0.0,1.0,190.0
pep3_swap_right_FYW_R,306.0,275.0,1269.0,194.0,235.0,9.0,936.0,439.0,326.0,663.0,942.0,224.0,1353.0,1.0,183.0,1.0
pep3_swap_right_FYW_S,1086.0,440.0,1021.0,66.0,0.0,112.0,1.0,43.0,1382.0,117.0,163.0,56.0,521.0,5.0,0.0,1.0
pep3_swap_right_FYW_T,658.0,291.0,398.0,345.0,15.0,6.0,72.0,771.0,554.0,1540.0,1730.0,742.0,0.0,0.0,0.0,1.0
pep3_swap_right_FYW_V,72.0,106.0,436.0,107.0,26.0,147.0,2.0,30.0,1266.0,381.0,1.0,0.0,0.0,0.0,1.0,0.0
pep3_swap_right_FYW_Y,564.0,563.0,568.0,731.0,58.0,478.0,27.0,830.0,117.0,87.0,0.0,0.0,706.0,0.0,1.0,1.0
pep3_swap_right_GP_A,272.0,155.0,1573.0,1641.0,431.0,312.0,95.0,353.0,285.0,2376.0,866.0,700.0,152.0,1.0,0.0,2.0
pep3_swap_right_GP_D,151.0,97.0,139.0,350.0,256.0,673.0,527.0,164.0,841.0,962.0,0.0,154.0,93.0,37.0,0.0,0.0
pep3_swap_right_GP_E,1869.0,341.0,1893.0,778.0,350.0,108.0,686.0,1344.0,1784.0,1127.0,540.0,1008.0,1480.0,78.0,0.0,1.0
pep3_swap_right_GP_F,91.0,61.0,495.0,750.0,0.0,308.0,0.0,716.0,813.0,776.0,791.0,0.0,2177.0,0.0,0.0,1.0
pep3_swap_right_GP_G,188.0,182.0,634.0,44.0,40.0,0.0,146.0,43.0,0.0,95.0,158.0,142.0,2061.0,0.0,1509.0,0.0
pep3_swap_right_GP_I,665.0,269.0,3402.0,1165.0,1481.0,2505.0,1628.0,1859.0,2045.0,457.0,1798.0,595.0,2110.0,945.0,3.0,409.0
pep3_swap_right_GP_K,1237.0,916.0,2309.0,1391.0,1449.0,3660.0,855.0,378.0,517.0,1820.0,1921.0,2.0,115.0,526.0,1.0,2.0
pep3_swap_right_GP_L,1935.0,1267.0,3533.0,1372.0,1901.0,1668.0,794.0,1192.0,412.0,1468.0,231.0,1.0,2.0,0.0,0.0,2.0
pep3_swap_right_GP_M,679.0,832.0,1419.0,353.0,133.0,276.0,342.0,758.0,6.0,879.0,0.0,81.0,1.0,0.0,0.0,1.0
pep3_swap_right_GP_N,2581.0,813.0,1002.0,743.0,1598.0,1996.0,1183.0,1513.0,537.0,1279.0,219.0,488.0,356.0,6.0,0.0,3.0
pep3_swap_right_GP_P,1149.0,16.0,1782.0,854.0,108.0,98.0,546.0,0.0,775.0,637.0,1380.0,0.0,229.0,1.0,10.0,2.0
pep3_swap_right_GP_Q,2076.0,1064.0,4592.0,1924.0,1311.0,2081.0,973.0,1095.0,463.0,1333.0,413.0,490.0,6.0,3.0,1.0,2.0
pep3_swap_right_GP_R,2914.0,224.0,4063.0,3060.0,430.0,1588.0,388.0,1761.0,2741.0,1008.0,2190.0,1027.0,1039.0,604.0,2.0,5.0
pep3_swap_right_GP_S,17.0,15.0,1.0,521.0,0.0,78.0,0.0,608.0,1.0,0.0,870.0,200.0,411.0,0.0,1.0,0.0
pep3_swap_right_GP_T,557.0,389.0,2650.0,634.0,168.0,111.0,134.0,128.0,489.0,1.0,0.0,869.0,0.0,0.0,0.0,2.0
pep3_swap_right_GP_V,1356.0,187.0,3471.0,2021.0,705.0,860.0,1156.0,887.0,234.0,1174.0,485.0,59.0,1.0,0.0,0.0,4.0
pep3_swap_right_GP_Y,214.0,163.0,74.0,20.0,83.0,0.0,553.0,1131.0,281.0,943.0,353.0,13.0,269.0,0.0,2.0,0.0
pep3_swap_right_KR_A,605.0,115.0,123.0,320.0,95.0,241.0,32.0,154.0,0.0,549.0,0.0,0.0,0.0,145.0,0.0,1.0
pep3_swap_right_KR_D,161.0,357.0,119.0,40.0,19.0,0.0,313.0,90.0,286.0,243.0,1.0,0.0,771.0,1.0,0.0,0.0
pep3_swap_right_KR_E,354.0,81.0,48.0,69.0,146.0,245.0,116.0,23.0,684.0,7.0,0.0,1.0,0.0,6.0,0.0,2.0
pep3_swap_right_KR_F,237.0,169.0,1317.0,295.0,4.0,95.0,123.0,273.0,12.0,433.0,0.0,127.0,817.0,0.0,1.0,0.0
pep3_swap_right_KR_G,999.0,590.0,1263.0,2220.0,398.0,1190.0,370.0,304.0,492.0,624.0,337.0,51.0,87.0,0.0,0.0,1.0
pep3_swap_right_KR_I,3278.0,1167.0,3317.0,1680.0,466.0,397.0,181.0,889.0,976.0,76.0,1.0,80.0,1.0,1.0,1.0,0.0
pep3_swap_right_KR_K,1120.0,106.0,234.0,449.0,44.0,296.0,0.0,218.0,401.0,115.0,467.0,1.0,107.0,3.0,0.0,0.0
pep3_swap_right_KR_L,1986.0,866.0,3225.0,651.0,410.0,2032.0,367.0,724.0,1737.0,1589.0,1134.0,795.0,1262.0,2.0,0.0,3.0
pep3_swap_right_KR_M,1031.0,8.0,1963.0,560.0,79.0,173.0,234.0,301.0,234.0,255.0,1320.0,610.0,0.0,0.0,0.0,3.0
pep3_swap_right_KR_N,475.0,2.0,811.0,0.0,6.0,145.0,26.0,694.0,0.0,0.0,0.0,119.0,0.0,1.0,74.0,0.0
pep3_swap_right_KR_P,229.0,71.0,538.0,384.0,46.0,688.0,144.0,238.0,21.0,275.0,237.0,93.0,162.0,0.0,0.0,1.0
pep3_swap_right_KR_Q,196.0,52.0,1214.0,0.0,152.0,0.0,0.0,127.0,290.0,33.0,125.0,321.0,0.0,199.0,0.0,46.0
pep3_swap_right_KR_R,804.0,427.0,329.0,390.0,85.0,45.0,459.0,382.0,1.0,269.0,94.0,21.0,2.0,350.0,2.0,1.0
pep3_swap_right_KR_S,1089.0,141.0,3282.0,928.0,951.0,1716.0,1383.0,1353.0,1546.0,2849.0,1507.0,1061.0,0.0,89.0,1.0,4.0
pep3_swap_right_KR_T,795.0,527.0,951.0,176.0,2.0,410.0,287.0,708.0,0.0,35.0,659.0,79.0,0.0,0.0,0.0,0.0
pep3_swap_right_KR_V,318.0,136.0,126.0,79.0,0.0,0.0,866.0,118.0,577.0,1.0,1095.0,344.0,714.0,1.0,0.0,0.0
pep3_swap_right_KR_Y,1387.0,37.0,107.0,12.0,32.0,0.0,73.0,199.0,332.0,262.0,113.0,0.0,1674.0,0.0,0.0,0.0
pep3_swap_right_LIVM_A,584.0,123.0,474.0,0.0,0.0,0.0,189.0,106.0,8.0,393.0,1.0,28.0,0.0,1631.0,0.0,0.0
pep3_swap_right_LIVM_D,3130.0,855.0,580.0,671.0,57.0,241.0,0.0,507.0,84.0,5.0,1.0,0.0,0.0,1.0,1.0,0.0
pep3_swap_right_LIVM_E,1887.0,1082.0,1864.0,345.0,333.0,430.0,144.0,31.0,127.0,918.0,325.0,0.0,0.0,0.0,1.0,1.0
pep3_swap_right_LIVM_F,142.0,33.0,926.0,302.0,0.0,695.0,77.0,295.0,499.0,74.0,0.0,157.0,357.0,0.0,0.0,0.0
pep3_swap_right_LIVM_G,2279.0,1023.0,6400.0,1470.0,2057.0,2491.0,1038.0,1403.0,1076.0,1304.0,0.0,104.0,0.0,2.0,0.0,2.0
pep3_swap_right_LIVM_I,144.0,490.0,835.0,666.0,140.0,344.0,387.0,779.0,377.0,367.0,194.0,0.0,1.0,0.0,0.0,0.0
pep3_swap_right_LIVM_K,1530.0,851.0,1286.0,1316.0,1388.0,946.0,213.0,199.0,450.0,497.0,5.0,1.0,2.0,0.0,0.0,9.0
pep3_swap_right_LIVM_L,1.0,178.0,1280.0,386.0,211.0,283.0,0.0,179.0,318.0,187.0,217.0,0.0,25.0,0.0,0.0,0.0
pep3_swap_right_LIVM_M,275.0,326.0,67.0,208.0,434.0,485.0,0.0,181.0,29.0,233.0,630.0,164.0,2.0,1.0,0.0,1.0
pep3_swap_right_LIVM_N,562.0,285.0,1021.0,647.0,155.0,70.0,0.0,52.0,0.0,18.0,1008.0,369.0,1.0,915.0,1.0,0.0
pep3_swap_right_LIVM_P,362.0,552.0,1277.0,1106.0,311.0,1055.0,364.0,180.0,185.0,901.0,1.0,0.0,0.0,0.0,0.0,1.0
pep3_swap_right_LIVM_Q,508.0,533.0,1435.0,469.0,438.0,894.0,0.0,523.0,0.0,52.0,0.0,52.0,0.0,840.0,767.0,1.0
pep3_swap_right_LIVM_R,2191.0,267.0,1142.0,584.0,294.0,428.0,105.0,135.0,239.0,0.0,317.0,324.0,0.0,0.0,10.0,2.0
pep3_swap_right_LIVM_S,3620.0,991.0,2505.0,272.0,281.0,599.0,251.0,439.0,245.0,92.0,1.0,0.0,0.0,23.0,1.0,0.0
pep3_swap_right_LIVM_T,1608.0,835.0,816.0,755.0,71.0,74.0,1.0,179.0,0.0,448.0,0.0,0.0,1.0,0.0,933.0,82.0
pep3_swap_right_LIVM_V,822.0,942.0,263.0,496.0,223.0,276.0,115.0,101.0,0.0,23.0,0.0,1.0,1.0,1.0,0.0,0.0
pep3_swap_right_LIVM_Y,1018.0,281.0,1263.0,944.0,696.0,811.0,302.0,1127.0,1300.0,1735.0,122.0,122.0,1.0,0.0,0.0,0.0
pep3_swap_right_NQ_A,444.0,969.0,4214.0,1012.0,1457.0,2863.0,1397.0,1765.0,1150.0,2421.0,589.0,1172.0,1407.0,1.0,1.0,0.0
pep3_swap_right_NQ_D,1012.0,172.0,416.0,1033.0,726.0,584.0,63.0,392.0,0.0,84.0,694.0,541.0,238.0,0.0,1.0,160.0
pep3_swap_right_NQ_E,3142.0,661.0,3717.0,1368.0,374.0,1055.0,433.0,1189.0,489.0,807.0,76.0,476.0,86.0,167.0,0.0,24510.0
pep3_swap_right_NQ_F,986.0,1048.0,2620.0,1166.0,660.0,1007.0,1005.0,1867.0,1087.0,363.0,153.0,213.0,2.0,427.0,0.0,1.0
pep3_swap_right_NQ_G,787.0,401.0,864.0,183.0,327.0,316.0,162.0,1027.0,309.0,564.0,1.0,1.0,1.0,0.0,0.0,1.0
pep3_swap_right_NQ_I,1000.0,122.0,3197.0,425.0,908.0,1473.0,477.0,1215.0,2963.0,1140.0,1381.0,331.0,1426.0,2.0,10601.0,266.0
pep3_swap_right_NQ_K,2751.0,185.0,2039.0,1985.0,1206.0,777.0,1323.0,1463.0,687.0,101.0,1583.0,292.0,3.0,605.0,0.0,3.0
pep3_swap_right_NQ_L,2993.0,849.0,6568.0,3328.0,1468.0,2796.0,1759.0,4026.0,1938.0,1324.0,748.0,623.0,1247.0,112.0,1.0,93.0
pep3_swap_right_NQ_M,396.0,304.0,3840.0,1260.0,556.0,3624.0,1242.0,1669.0,1874.0,2037.0,2586.0,2085.0,1523.0,3345.0,5191.0,4.0
pep3_swap_right_NQ_N,2298.0,495.0,3057.0,1877.0,1031.0,1143.0,960.0,2348.0,2076.0,1586.0,1297.0,1.0,369.0,2.0,1.0,3.0
pep3_swap_right_NQ_P,1759.0,1054.0,1163.0,983.0,157.0,1867.0,189.0,660.0,132.0,352.0,176.0,644.0,0.0,1.0,2.0,4.0
pep3_swap_right_NQ_Q,2207.0,448.0,4998.0,1611.0,1312.0,1269.0,613.0,1050.0,482.0,2255.0,2207.0,452.0,1.0,116.0,0.0,1830.0
pep3_swap_right_NQ_R,17.0,490.0,2979.0,953.0,578.0,1301.0,1059.0,1423.0,1604.0,474.0,1589.0,369.0,50.0,0.0,1963.0,0.0
pep3_swap_right_NQ_S,915.0,497.0,862.0,988.0,1001.0,2039.0,529.0,197.0,455.0,1196.0,1339.0,153.0,0.0,0.0,1.0,1.0
pep3_swap_right_NQ_T,1461.0,828.0,858.0,836.0,27.0,639.0,437.0,1140.0,850.0,977.0,145.0,595.0,5.0,2455.0,3572.0,6.0
pep3_swap_right_NQ_V,1.0,347.0,1651.0,2417.0,1544.0,1125.0,1131.0,4272.0,6122.0,7857.0,8898.0,4971.0,5520.0,2.0,34.0,2.0
pep3_swap_right_NQ_Y,365.0,569.0,2616.0,1797.0,815.0,1353.0,1470.0,2498.0,2875.0,2516.0,586.0,957.0,1495.0,677.0,1.0,1.0
pep3_swap_right_ST_A,0.0,818.0,1175.0,279.0,198.0,1913.0,306.0,999.0,944.0,1095.0,0.0,1.0,1.0,0.0,0.0,0.0
pep3_swap_right_ST_D,797.0,418.0,1816.0,560.0,547.0,1372.0,560.0,129.0,224.0,228.0,1.0,220.0,0.0,0.0,0.0,9.0
pep3_swap_right_ST_E,486.0,0.0,0.0,13.0,0.0,455.0,149.0,74.0,0.0,696.0,548.0,29.0,18.0,0.0,0.0,81.0
pep3_swap_right_ST_F,270.0,0.0,2558.0,8.0,456.0,647.0,687.0,1989.0,1375.0,235.0,678.0,0.0,292.0,293.0,0.0,0.0
pep3_swap_right_ST_G,1466.0,466.0,2170.0,283.0,253.0,674.0,433.0,182.0,568.0,37.0,339.0,0.0,0.0,0.0,0.0,0.0
pep3_swap_right_ST_I,607.0,149.0,133.0,73.0,0.0,0.0,190.0,0.0,105.0,0.0,0.0,1.0,0.0,0.0,0.0,0.0
pep3_swap_right_ST_K,1292.0,237.0,203.0,257.0,245.0,195.0,2.0,0.0,3.0,1.0,1.0,2.0,6694.0,3.0,6674.0,13.0
pep3_swap_right_ST_L,1926.0,1080.0,3466.0,940.0,350.0,1091.0,465.0,741.0,51.0,234.0,3.0,0.0,0.0,0.0,0.0,3.0
pep3_swap_right_ST_M,40.0,78.0,771.0,151.0,475.0,446.0,351.0,1933.0,2199.0,2242.0,2930.0,548.0,3013.0,0.0,1253.0,3.0
pep3_swap_right_ST_N,983.0,600.0,574.0,59.0,319.0,0.0,20.0,206.0,202.0,0.0,1.0,0.0,1.0,0.0,0.0,0.0
pep3_swap_right_ST_P,509.0,639.0,3673.0,1683.0,660.0,4841.0,709.0,628.0,607.0,1998.0,626.0,292.0,4.0,366.0,0.0,1.0
pep3_swap_right_ST_Q,905.0,576.0,2058.0,1856.0,706.0,535.0,407.0,1834.0,340.0,687.0,647.0,11.0,0.0,1.0,0.0,1.0
pep3_swap_right_ST_R,327.0,600.0,2115.0,592.0,445.0,1260.0,1012.0,1667.0,1748.0,1186.0,503.0,994.0,3.0,1.0,0.0,1312.0
pep3_swap_right_ST_S,1634.0,425.0,1582.0,942.0,547.0,1057.0,382.0,1509.0,1198.0,1059.0,1479.0,421.0,0.0,512.0,1.0,3.0
pep3_swap_right_ST_T,3644.0,485.0,2483.0,1036.0,991.0,1128.0,1172.0,344.0,323.0,604.0,10.0,1.0,2.0,0.0,0.0,1.0
pep3_swap_right_ST_V,587.0,231.0,273.0,3.0,327.0,602.0,89.0,313.0,1016.0,2417.0,6203.0,3303.0,29043.0,16186.0,58050.0,27522.0
pep3_swap_right_ST_Y,0.0,0.0,902.0,316.0,1.0,5.0,364.0,709.0,331.0,909.0,3477.0,1223.0,2499.0,5866.0,0.0,129.0
pep3_swap_right_S_A,464.0,231.0,1477.0,153.0,484.0,2006.0,1390.0,2949.0,2846.0,3511.0,1335.0,1448.0,5882.0,6177.0,3341.0,9005.0
pep3_swap_right_S_D,1030.0,465.0,1926.0,1320.0,672.0,912.0,353.0,297.0,799.0,106.0,1.0,1.0,149.0,1.0,1.0,0.0
pep3_swap_right_S_E,473.0,543.0,1625.0,1192.0,498.0,1381.0,429.0,581.0,876.0,1903.0,157.0,279.0,0.0,0.0,0.0,2.0
pep3_swap_right_S_F,756.0,170.0,1446.0,935.0,268.0,890.0,879.0,1406.0,461.0,2939.0,1488.0,1337.0,2546.0,1277.0,1.0,1.0
pep3_swap_right_S_G,949.0,519.0,1634.0,675.0,326.0,735.0,283.0,373.0,402.0,263.0,0.0,250.0,0.0,0.0,2.0,10.0
pep3_swap_right_S_I,525.0,203.0,944.0,361.0,366.0,703.0,183.0,829.0,482.0,603.0,1792.0,743.0,0.0,1.0,0.0,0.0
pep3_swap_right_S_K,606.0,621.0,3189.0,1030.0,500.0,557.0,87.0,306.0,196.0,249.0,1.0,254.0,1.0,0.0,1.0,1.0
pep3_swap_right_S_L,524.0,383.0,798.0,2567.0,260.0,586.0,560.0,1790.0,675.0,1755.0,1.0,11.0,2.0,1834.0,1.0,3.0
pep3_swap_right_S_M,793.0,77.0,695.0,885.0,716.0,691.0,1427.0,1013.0,3496.0,3751.0,5198.0,1034.0,3.0,2606.0,0.0,3678.0
pep3_swap_right_S_N,683.0,208.0,716.0,2240.0,230.0,1055.0,208.0,741.0,586.0,538.0,2.0,391.0,1.0,0.0,2.0,3.0
pep3_swap_right_S_P,3665.0,1047.0,6373.0,2189.0,902.0,3296.0,710.0,2534.0,661.0,1879.0,1178.0,0.0,2.0,199.0,2.0,4.0
pep3_swap_right_S_Q,1122.0,579.0,1676.0,1415.0,285.0,982.0,351.0,1133.0,566.0,28.0,0.0,2.0,0.0,1.0,3.0,0.0
pep3_swap_right_S_R,287.0,413.0,583.0,161.0,456.0,971.0,302.0,435.0,852.0,781.0,27.0,80.0,0.0,0.0,2.0,1.0
pep3_swap_right_S_T,2438.0,864.0,2705.0,1035.0,311.0,485.0,359.0,433.0,98.0,352.0,1.0,0.0,1702.0,1.0,0.0,0.0
pep3_swap_right_S_V,191.0,1.0,57.0,430.0,72.0,4.0,412.0,187.0,2960.0,3806.0,3825.0,6629.0,15427.0,2226.0,30575.0,35544.0
pep3_swap_right_S_Y,28.0,106.0,426.0,1141.0,122.0,880.0,677.0,1003.0,1953.0,434.0,1896.0,78.0,0.0,0.0,0.0,0.0
